Unity Editor version:    2021.3.24f1 (cf10dcf7010d)
Branch:                  2021.3/staging
Build type:              Release
Batch mode:              YES
macOS version:           Version 13.2 (Build 22D5027d)
Darwin version:          22.3.0
Architecture:            arm64
Running under Rosetta:   NO
Available memory:        8192 MB
Using pre-set license
Pro License: YES

COMMAND LINE ARGUMENTS:
/Applications/Unity/Hub/Editor/2021.3.24f1/Unity.app/Contents/MacOS/Unity
-adb2
-batchMode
-noUpm
-name
AssetImportWorker0
-projectPath
/Users/mac/Downloads/B11132010 Seal/My project
-logFile
Logs/AssetImportWorker0.log
-srvPort
52660
Successfully changed project path to: /Users/mac/Downloads/B11132010 Seal/My project
/Users/mac/Downloads/B11132010 Seal/My project
[UnityMemory] Configuration Parameters - Can be set up in boot.config
    "memorysetup-bucket-allocator-granularity=16"
    "memorysetup-bucket-allocator-bucket-count=8"
    "memorysetup-bucket-allocator-block-size=33554432"
    "memorysetup-bucket-allocator-block-count=8"
    "memorysetup-main-allocator-block-size=16777216"
    "memorysetup-thread-allocator-block-size=16777216"
    "memorysetup-gfx-main-allocator-block-size=16777216"
    "memorysetup-gfx-thread-allocator-block-size=16777216"
    "memorysetup-cache-allocator-block-size=4194304"
    "memorysetup-typetree-allocator-block-size=2097152"
    "memorysetup-profiler-bucket-allocator-granularity=16"
    "memorysetup-profiler-bucket-allocator-bucket-count=8"
    "memorysetup-profiler-bucket-allocator-block-size=33554432"
    "memorysetup-profiler-bucket-allocator-block-count=8"
    "memorysetup-profiler-allocator-block-size=16777216"
    "memorysetup-profiler-editor-allocator-block-size=1048576"
    "memorysetup-temp-allocator-size-main=16777216"
    "memorysetup-job-temp-allocator-block-size=2097152"
    "memorysetup-job-temp-allocator-block-size-background=1048576"
    "memorysetup-job-temp-allocator-reduction-small-platforms=262144"
    "memorysetup-temp-allocator-size-background-worker=32768"
    "memorysetup-temp-allocator-size-job-worker=262144"
    "memorysetup-temp-allocator-size-preload-manager=33554432"
    "memorysetup-temp-allocator-size-nav-mesh-worker=65536"
    "memorysetup-temp-allocator-size-audio-worker=65536"
    "memorysetup-temp-allocator-size-cloud-worker=32768"
    "memorysetup-temp-allocator-size-gi-baking-worker=262144"
    "memorysetup-temp-allocator-size-gfx=262144"
Player connection [8246460480] Host "[IP] 172.20.10.9 [Port] 0 [Flags] 2 [Guid] 2217488041 [EditorId] 2217488041 [Version] 1048832 [Id] OSXEditor(0,Matthews-Macbook-Air.local) [Debug] 1 [PackageName] OSXEditor [ProjectName] Editor" joined multi-casting on [225.0.0.222:54997]...

Player connection [8246460480] Host "[IP] 172.20.10.9 [Port] 0 [Flags] 2 [Guid] 2217488041 [EditorId] 2217488041 [Version] 1048832 [Id] OSXEditor(0,Matthews-Macbook-Air.local) [Debug] 1 [PackageName] OSXEditor [ProjectName] Editor" joined alternative multi-casting on [225.0.0.222:34997]...

Refreshing native plugins compatible for Editor in 36.10 ms, found 3 plugins.
Preloading 0 native plugins for Editor in 0.00 ms.
Initialize engine version: 2021.3.24f1 (cf10dcf7010d)
[Subsystems] Discovering subsystems at path /Applications/Unity/Hub/Editor/2021.3.24f1/Unity.app/Contents/Resources/UnitySubsystems
[Subsystems] Discovering subsystems at path /Users/mac/Downloads/B11132010 Seal/My project/Assets
GfxDevice: creating device client; threaded=0; jobified=0
 preferred device: Apple M1 (high power)
Metal devices available: 1
0: Apple M1 (high power)
Using device Apple M1 (high power)
Initializing Metal device caps: Apple M1
Initialize mono
Mono path[0] = '/Applications/Unity/Hub/Editor/2021.3.24f1/Unity.app/Contents/Managed'
Mono path[1] = '/Applications/Unity/Hub/Editor/2021.3.24f1/Unity.app/Contents/MonoBleedingEdge/lib/mono/unityjit-macos'
Mono config path = '/Applications/Unity/Hub/Editor/2021.3.24f1/Unity.app/Contents/MonoBleedingEdge/etc'
Using monoOptions --debugger-agent=transport=dt_socket,embedding=1,server=y,suspend=n,address=127.0.0.1:56873
Begin MonoManager ReloadAssembly
Registering precompiled unity dll's ...
Register platform support module: /Applications/Unity/Hub/Editor/2021.3.24f1/Unity.app/Contents/PlaybackEngines/MacStandaloneSupport/UnityEditor.OSXStandalone.Extensions.dll
Register platform support module: /Applications/Unity/Hub/Editor/2021.3.24f1/PlaybackEngines/AndroidPlayer/UnityEditor.Android.Extensions.dll
Registered in 0.001523 seconds.
Native extension for Android target not found
Android Extension - Scanning For ADB Devices 83 ms
Native extension for OSXStandalone target not found
Refreshing native plugins compatible for Editor in 27.97 ms, found 3 plugins.
Preloading 0 native plugins for Editor in 0.00 ms.
Mono: successfully reloaded assembly
- Completed reload, in  0.494 seconds
Domain Reload Profiling:
	ReloadAssembly (494ms)
		BeginReloadAssembly (80ms)
			ExecutionOrderSort (0ms)
			DisableScriptedObjects (0ms)
			BackupInstance (0ms)
			ReleaseScriptingObjects (0ms)
			CreateAndSetChildDomain (0ms)
		EndReloadAssembly (356ms)
			LoadAssemblies (81ms)
			RebuildTransferFunctionScriptingTraits (1ms)
			SetupTypeCache (77ms)
			ReleaseScriptCaches (0ms)
			RebuildScriptCaches (19ms)
			SetupLoadedEditorAssemblies (231ms)
				LogAssemblyErrors (0ms)
				InitializePlatformSupportModulesInManaged (130ms)
				SetLoadedEditorAssemblies (0ms)
				RefreshPlugins (28ms)
				BeforeProcessingInitializeOnLoad (1ms)
				ProcessInitializeOnLoadAttributes (49ms)
				ProcessInitializeOnLoadMethodAttributes (24ms)
				AfterProcessingInitializeOnLoad (0ms)
				EditorAssembliesLoaded (0ms)
			ExecutionOrderSort2 (0ms)
			AwakeInstancesAfterBackupRestoration (0ms)
Platform modules already initialized, skipping
Registering precompiled user dll's ...
Registered in 0.003021 seconds.
Begin MonoManager ReloadAssembly
Native extension for Android target not found
Native extension for OSXStandalone target not found
Refreshing native plugins compatible for Editor in 26.88 ms, found 3 plugins.
Preloading 0 native plugins for Editor in 0.00 ms.
Mono: successfully reloaded assembly
- Completed reload, in  0.582 seconds
Domain Reload Profiling:
	ReloadAssembly (582ms)
		BeginReloadAssembly (67ms)
			ExecutionOrderSort (0ms)
			DisableScriptedObjects (3ms)
			BackupInstance (0ms)
			ReleaseScriptingObjects (0ms)
			CreateAndSetChildDomain (18ms)
		EndReloadAssembly (454ms)
			LoadAssemblies (53ms)
			RebuildTransferFunctionScriptingTraits (0ms)
			SetupTypeCache (131ms)
			ReleaseScriptCaches (0ms)
			RebuildScriptCaches (34ms)
			SetupLoadedEditorAssemblies (203ms)
				LogAssemblyErrors (0ms)
				InitializePlatformSupportModulesInManaged (8ms)
				SetLoadedEditorAssemblies (0ms)
				RefreshPlugins (27ms)
				BeforeProcessingInitializeOnLoad (33ms)
				ProcessInitializeOnLoadAttributes (113ms)
				ProcessInitializeOnLoadMethodAttributes (20ms)
				AfterProcessingInitializeOnLoad (1ms)
				EditorAssembliesLoaded (0ms)
			ExecutionOrderSort2 (0ms)
			AwakeInstancesAfterBackupRestoration (2ms)
Platform modules already initialized, skipping
========================================================================
Worker process is ready to serve import requests
Launching external process: /Applications/Unity/Hub/Editor/2021.3.24f1/Unity.app/Contents/Tools/UnityShaderCompiler
Launched and connected shader compiler UnityShaderCompiler after 0.19 seconds
Refreshing native plugins compatible for Editor in 0.29 ms, found 3 plugins.
Preloading 0 native plugins for Editor in 0.00 ms.
Unloading 2143 Unused Serialized files (Serialized files now loaded: 0)
Unloading 30 unused Assets / (40.6 KB). Loaded Objects now: 2610.
Memory consumption went from 95.6 MB to 95.5 MB.
Total: 2.364542 ms (FindLiveObjects: 0.090042 ms CreateObjectMapping: 0.029125 ms MarkObjects: 2.183500 ms  DeleteObjects: 0.061209 ms)

AssetImportParameters requested are different than current active one (requested -> active):
  custom:video-decoder-ogg-theora: a1e56fd34408186e4bbccfd4996cb3dc -> 
  custom:container-muxer-webm: aa71ff27fc2769a1b78a27578f13a17b -> 
  custom:container-demuxer-webm: 4f35f7cbe854078d1ac9338744f61a02 -> 
  custom:video-encoder-webm-vp8: eb34c28f22e8b96e1ab97ce403110664 -> 
  custom:framework-osx-AVFoundation: e770b220cccbd017edd2c1fefb359320 -> 
  custom:audio-encoder-webm-vorbis: bf7c407c2cedff20999df2af8eb42d56 -> 
  custom:container-demuxer-ogg: 62fdf1f143b41e24485cea50d1cbac27 -> 
  custom:video-decoder-webm-vp8: 9c59270c3fd7afecdb556c50c9e8de78 -> 
  custom:audio-decoder-ogg-vorbis: bf7c407c2cedff20999df2af8eb42d56 -> 
========================================================================
Received Import Request.
  Time since last request: 8082.171710 seconds.
  path: Assets/Scenes/StartMenu.unity
  artifactKey: Guid(77dda06302aae4a429a2837710b70d4e) Importer(815301076,1909f56bfc062723c751e8b465ee728b)
Start importing Assets/Scenes/StartMenu.unity using Guid(77dda06302aae4a429a2837710b70d4e) Importer(815301076,1909f56bfc062723c751e8b465ee728b)  -> (artifact id: 'b95065c57b1a790c94de6458d21e7d22') in 0.003759 seconds 
========================================================================
Received Prepare
Registering precompiled user dll's ...
Registered in 0.001100 seconds.
Begin MonoManager ReloadAssembly
Thread 0x285ec7000 may have been prematurely finalized
Native extension for Android target not found
Native extension for OSXStandalone target not found
Refreshing native plugins compatible for Editor in 0.50 ms, found 3 plugins.
Preloading 0 native plugins for Editor in 0.00 ms.
Mono: successfully reloaded assembly
- Completed reload, in  0.600 seconds
Domain Reload Profiling:
	ReloadAssembly (601ms)
		BeginReloadAssembly (102ms)
			ExecutionOrderSort (0ms)
			DisableScriptedObjects (10ms)
			BackupInstance (0ms)
			ReleaseScriptingObjects (0ms)
			CreateAndSetChildDomain (35ms)
		EndReloadAssembly (445ms)
			LoadAssemblies (39ms)
			RebuildTransferFunctionScriptingTraits (0ms)
			SetupTypeCache (146ms)
			ReleaseScriptCaches (1ms)
			RebuildScriptCaches (35ms)
			SetupLoadedEditorAssemblies (184ms)
				LogAssemblyErrors (0ms)
				InitializePlatformSupportModulesInManaged (12ms)
				SetLoadedEditorAssemblies (0ms)
				RefreshPlugins (1ms)
				BeforeProcessingInitializeOnLoad (33ms)
				ProcessInitializeOnLoadAttributes (115ms)
				ProcessInitializeOnLoadMethodAttributes (23ms)
				AfterProcessingInitializeOnLoad (1ms)
				EditorAssembliesLoaded (0ms)
			ExecutionOrderSort2 (0ms)
			AwakeInstancesAfterBackupRestoration (3ms)
Platform modules already initialized, skipping
Refreshing native plugins compatible for Editor in 0.91 ms, found 3 plugins.
Preloading 0 native plugins for Editor in 0.00 ms.
Unloading 2132 Unused Serialized files (Serialized files now loaded: 0)
Unloading 17 unused Assets / (22.0 KB). Loaded Objects now: 2613.
Memory consumption went from 94.7 MB to 94.7 MB.
Total: 3.129041 ms (FindLiveObjects: 0.104916 ms CreateObjectMapping: 0.029584 ms MarkObjects: 2.894708 ms  DeleteObjects: 0.099083 ms)

AssetImportParameters requested are different than current active one (requested -> active):
  custom:video-decoder-ogg-theora: a1e56fd34408186e4bbccfd4996cb3dc -> 
  custom:container-muxer-webm: aa71ff27fc2769a1b78a27578f13a17b -> 
  custom:container-demuxer-webm: 4f35f7cbe854078d1ac9338744f61a02 -> 
  custom:video-encoder-webm-vp8: eb34c28f22e8b96e1ab97ce403110664 -> 
  custom:framework-osx-AVFoundation: e770b220cccbd017edd2c1fefb359320 -> 
  custom:audio-encoder-webm-vorbis: bf7c407c2cedff20999df2af8eb42d56 -> 
  custom:container-demuxer-ogg: 62fdf1f143b41e24485cea50d1cbac27 -> 
  custom:video-decoder-webm-vp8: 9c59270c3fd7afecdb556c50c9e8de78 -> 
  custom:audio-decoder-ogg-vorbis: bf7c407c2cedff20999df2af8eb42d56 -> 
========================================================================
Received Import Request.
  Time since last request: 43.912282 seconds.
  path: Assets/Script/btnFunction.cs
  artifactKey: Guid(cbcccf496faecb44292f628638c2b03a) Importer(815301076,1909f56bfc062723c751e8b465ee728b)
Start importing Assets/Script/btnFunction.cs using Guid(cbcccf496faecb44292f628638c2b03a) Importer(815301076,1909f56bfc062723c751e8b465ee728b)  -> (artifact id: '114ef83d3ce3c94789e27a6b526af026') in 1.087737 seconds 
========================================================================
Received Import Request.
  Time since last request: 216.169441 seconds.
  path: Assets/Script/btngameover.cs
  artifactKey: Guid(26f304755dd273c4ca194cdc903e8d26) Importer(815301076,1909f56bfc062723c751e8b465ee728b)
Start importing Assets/Script/btngameover.cs using Guid(26f304755dd273c4ca194cdc903e8d26) Importer(815301076,1909f56bfc062723c751e8b465ee728b)  -> (artifact id: '8dd0d11ee97ff6e411d06cb699362c8b') in 0.008133 seconds 
========================================================================
Received Import Request.
  Time since last request: 8.667138 seconds.
  path: Assets/Scenes/SampleScene.unity
  artifactKey: Guid(2cda990e2423bbf4892e6590ba056729) Importer(815301076,1909f56bfc062723c751e8b465ee728b)
Start importing Assets/Scenes/SampleScene.unity using Guid(2cda990e2423bbf4892e6590ba056729) Importer(815301076,1909f56bfc062723c751e8b465ee728b)  -> (artifact id: '4dbf73cd46779dbb6fce4c573fd35d5c') in 0.002483 seconds 
========================================================================
Received Import Request.
  Time since last request: 0.540127 seconds.
  path: Assets/Scenes/Level01.unity
  artifactKey: Guid(28e2f56e2c144234c8730688ea12304a) Importer(815301076,1909f56bfc062723c751e8b465ee728b)
Start importing Assets/Scenes/Level01.unity using Guid(28e2f56e2c144234c8730688ea12304a) Importer(815301076,1909f56bfc062723c751e8b465ee728b)  -> (artifact id: '6e453fefa6b20a654fe6c5a7a8c3e7c8') in 0.002033 seconds 
========================================================================
Received Import Request.
  Time since last request: 11.493305 seconds.
  path: Assets/Scenes/GameOver.unity
  artifactKey: Guid(9d90e598f5e95e740a151ced24d27902) Importer(815301076,1909f56bfc062723c751e8b465ee728b)
Start importing Assets/Scenes/GameOver.unity using Guid(9d90e598f5e95e740a151ced24d27902) Importer(815301076,1909f56bfc062723c751e8b465ee728b)  -> (artifact id: '614d86d6b7e4ad06a510d637af49a3c0') in 0.007338 seconds 
========================================================================
Received Prepare
Registering precompiled user dll's ...
Registered in 0.001557 seconds.
Begin MonoManager ReloadAssembly
Thread 0x1753df000 may have been prematurely finalized
Native extension for Android target not found
Native extension for OSXStandalone target not found
Refreshing native plugins compatible for Editor in 0.28 ms, found 3 plugins.
Preloading 0 native plugins for Editor in 0.00 ms.
Mono: successfully reloaded assembly
- Completed reload, in  0.602 seconds
Domain Reload Profiling:
	ReloadAssembly (603ms)
		BeginReloadAssembly (117ms)
			ExecutionOrderSort (0ms)
			DisableScriptedObjects (6ms)
			BackupInstance (0ms)
			ReleaseScriptingObjects (0ms)
			CreateAndSetChildDomain (44ms)
		EndReloadAssembly (426ms)
			LoadAssemblies (41ms)
			RebuildTransferFunctionScriptingTraits (0ms)
			SetupTypeCache (142ms)
			ReleaseScriptCaches (1ms)
			RebuildScriptCaches (32ms)
			SetupLoadedEditorAssemblies (174ms)
				LogAssemblyErrors (0ms)
				InitializePlatformSupportModulesInManaged (10ms)
				SetLoadedEditorAssemblies (0ms)
				RefreshPlugins (0ms)
				BeforeProcessingInitializeOnLoad (30ms)
				ProcessInitializeOnLoadAttributes (111ms)
				ProcessInitializeOnLoadMethodAttributes (21ms)
				AfterProcessingInitializeOnLoad (1ms)
				EditorAssembliesLoaded (0ms)
			ExecutionOrderSort2 (0ms)
			AwakeInstancesAfterBackupRestoration (3ms)
Platform modules already initialized, skipping
Refreshing native plugins compatible for Editor in 0.71 ms, found 3 plugins.
Preloading 0 native plugins for Editor in 0.00 ms.
Unloading 2132 Unused Serialized files (Serialized files now loaded: 0)
Unloading 17 unused Assets / (21.9 KB). Loaded Objects now: 2616.
Memory consumption went from 98.8 MB to 98.8 MB.
Total: 2.290375 ms (FindLiveObjects: 0.078833 ms CreateObjectMapping: 0.028042 ms MarkObjects: 2.155417 ms  DeleteObjects: 0.024709 ms)

AssetImportParameters requested are different than current active one (requested -> active):
  custom:video-decoder-ogg-theora: a1e56fd34408186e4bbccfd4996cb3dc -> 
  custom:container-muxer-webm: aa71ff27fc2769a1b78a27578f13a17b -> 
  custom:container-demuxer-webm: 4f35f7cbe854078d1ac9338744f61a02 -> 
  custom:video-encoder-webm-vp8: eb34c28f22e8b96e1ab97ce403110664 -> 
  custom:framework-osx-AVFoundation: e770b220cccbd017edd2c1fefb359320 -> 
  custom:audio-encoder-webm-vorbis: bf7c407c2cedff20999df2af8eb42d56 -> 
  custom:container-demuxer-ogg: 62fdf1f143b41e24485cea50d1cbac27 -> 
  custom:video-decoder-webm-vp8: 9c59270c3fd7afecdb556c50c9e8de78 -> 
  custom:audio-decoder-ogg-vorbis: bf7c407c2cedff20999df2af8eb42d56 -> 
========================================================================
Received Import Request.
  Time since last request: 117.425795 seconds.
  path: Assets/Scenes/StartMenu.unity
  artifactKey: Guid(77dda06302aae4a429a2837710b70d4e) Importer(815301076,1909f56bfc062723c751e8b465ee728b)
Start importing Assets/Scenes/StartMenu.unity using Guid(77dda06302aae4a429a2837710b70d4e) Importer(815301076,1909f56bfc062723c751e8b465ee728b)  -> (artifact id: '1bfeba913f0ae68febbce12a85a3f46c') in 0.028471 seconds 
========================================================================
Received Import Request.
  Time since last request: 2.866031 seconds.
  path: Assets/Scenes/SampleScene.unity
  artifactKey: Guid(2cda990e2423bbf4892e6590ba056729) Importer(815301076,1909f56bfc062723c751e8b465ee728b)
Start importing Assets/Scenes/SampleScene.unity using Guid(2cda990e2423bbf4892e6590ba056729) Importer(815301076,1909f56bfc062723c751e8b465ee728b)  -> (artifact id: 'b8026e6bb85ace54affd7e38f3dc7d2a') in 0.002517 seconds 
========================================================================
Received Prepare
Registering precompiled user dll's ...
Registered in 0.001078 seconds.
Begin MonoManager ReloadAssembly
Thread 0x176e87000 may have been prematurely finalized
Native extension for Android target not found
Native extension for OSXStandalone target not found
Refreshing native plugins compatible for Editor in 0.25 ms, found 3 plugins.
Preloading 0 native plugins for Editor in 0.00 ms.
Mono: successfully reloaded assembly
- Completed reload, in  0.608 seconds
Domain Reload Profiling:
	ReloadAssembly (608ms)
		BeginReloadAssembly (118ms)
			ExecutionOrderSort (0ms)
			DisableScriptedObjects (10ms)
			BackupInstance (0ms)
			ReleaseScriptingObjects (0ms)
			CreateAndSetChildDomain (39ms)
		EndReloadAssembly (432ms)
			LoadAssemblies (42ms)
			RebuildTransferFunctionScriptingTraits (0ms)
			SetupTypeCache (142ms)
			ReleaseScriptCaches (1ms)
			RebuildScriptCaches (34ms)
			SetupLoadedEditorAssemblies (177ms)
				LogAssemblyErrors (0ms)
				InitializePlatformSupportModulesInManaged (11ms)
				SetLoadedEditorAssemblies (0ms)
				RefreshPlugins (0ms)
				BeforeProcessingInitializeOnLoad (30ms)
				ProcessInitializeOnLoadAttributes (113ms)
				ProcessInitializeOnLoadMethodAttributes (22ms)
				AfterProcessingInitializeOnLoad (1ms)
				EditorAssembliesLoaded (0ms)
			ExecutionOrderSort2 (0ms)
			AwakeInstancesAfterBackupRestoration (3ms)
Platform modules already initialized, skipping
Refreshing native plugins compatible for Editor in 0.74 ms, found 3 plugins.
Preloading 0 native plugins for Editor in 0.00 ms.
Unloading 2132 Unused Serialized files (Serialized files now loaded: 0)
Unloading 17 unused Assets / (22.0 KB). Loaded Objects now: 2619.
Memory consumption went from 98.8 MB to 98.8 MB.
Total: 2.927000 ms (FindLiveObjects: 0.091375 ms CreateObjectMapping: 0.031167 ms MarkObjects: 2.779541 ms  DeleteObjects: 0.024208 ms)

AssetImportParameters requested are different than current active one (requested -> active):
  custom:video-decoder-ogg-theora: a1e56fd34408186e4bbccfd4996cb3dc -> 
  custom:container-muxer-webm: aa71ff27fc2769a1b78a27578f13a17b -> 
  custom:container-demuxer-webm: 4f35f7cbe854078d1ac9338744f61a02 -> 
  custom:video-encoder-webm-vp8: eb34c28f22e8b96e1ab97ce403110664 -> 
  custom:framework-osx-AVFoundation: e770b220cccbd017edd2c1fefb359320 -> 
  custom:audio-encoder-webm-vorbis: bf7c407c2cedff20999df2af8eb42d56 -> 
  custom:container-demuxer-ogg: 62fdf1f143b41e24485cea50d1cbac27 -> 
  custom:video-decoder-webm-vp8: 9c59270c3fd7afecdb556c50c9e8de78 -> 
  custom:audio-decoder-ogg-vorbis: bf7c407c2cedff20999df2af8eb42d56 -> 
========================================================================
Received Import Request.
  Time since last request: 138.008980 seconds.
  path: Assets/Scenes/GameOver.unity
  artifactKey: Guid(9d90e598f5e95e740a151ced24d27902) Importer(815301076,1909f56bfc062723c751e8b465ee728b)
Start importing Assets/Scenes/GameOver.unity using Guid(9d90e598f5e95e740a151ced24d27902) Importer(815301076,1909f56bfc062723c751e8b465ee728b)  -> (artifact id: 'f02c7f099bda5d0c85fe33614bb2115d') in 0.046469 seconds 
========================================================================
Received Import Request.
  Time since last request: 7.627563 seconds.
  path: Assets/Script/OctopusMoveL.cs
  artifactKey: Guid(1b35e04b9a8548349aa4f34a03200e7d) Importer(815301076,1909f56bfc062723c751e8b465ee728b)
Start importing Assets/Script/OctopusMoveL.cs using Guid(1b35e04b9a8548349aa4f34a03200e7d) Importer(815301076,1909f56bfc062723c751e8b465ee728b)  -> (artifact id: '90ab1e6b98ba587f3fbb5bb0b550bb32') in 0.005850 seconds 
========================================================================
Received Import Request.
  Time since last request: 6.513889 seconds.
  path: Assets/Script/SealStatus.cs
  artifactKey: Guid(b91b0d8808186374ca5a3d7a42f7a609) Importer(815301076,1909f56bfc062723c751e8b465ee728b)
Start importing Assets/Script/SealStatus.cs using Guid(b91b0d8808186374ca5a3d7a42f7a609) Importer(815301076,1909f56bfc062723c751e8b465ee728b)  -> (artifact id: '4ba8bb5f02c633a3c19466e068889632') in 0.004232 seconds 
========================================================================
Received Import Request.
  Time since last request: 0.969162 seconds.
  path: Assets/Script/Seaurchin.cs
  artifactKey: Guid(40eeb9423bb540a48b2fcd6b69c8beed) Importer(815301076,1909f56bfc062723c751e8b465ee728b)
Start importing Assets/Script/Seaurchin.cs using Guid(40eeb9423bb540a48b2fcd6b69c8beed) Importer(815301076,1909f56bfc062723c751e8b465ee728b)  -> (artifact id: 'd5ff3ad5f4b025e839c5e247b019a56c') in 0.002543 seconds 
========================================================================
Received Import Request.
  Time since last request: 0.506768 seconds.
  path: Assets/Script/Spawner.cs
  artifactKey: Guid(15ee9b94df141fd44a4921ff1e78963f) Importer(815301076,1909f56bfc062723c751e8b465ee728b)
Start importing Assets/Script/Spawner.cs using Guid(15ee9b94df141fd44a4921ff1e78963f) Importer(815301076,1909f56bfc062723c751e8b465ee728b)  -> (artifact id: '9c8b209b1b93424c7aa1fb34512fea91') in 0.001412 seconds 
========================================================================
Received Import Request.
  Time since last request: 0.614120 seconds.
  path: Assets/Script/SoapBubble.cs
  artifactKey: Guid(7b800f4300183b445974b7390892bc0f) Importer(815301076,1909f56bfc062723c751e8b465ee728b)
Start importing Assets/Script/SoapBubble.cs using Guid(7b800f4300183b445974b7390892bc0f) Importer(815301076,1909f56bfc062723c751e8b465ee728b)  -> (artifact id: 'c34987eaa054cc899682b052f6ff86fd') in 0.001549 seconds 
========================================================================
Received Import Request.
  Time since last request: 1.412049 seconds.
  path: Assets/Script/TextureOffsetY.cs
  artifactKey: Guid(c3f872a1b0d5d064889b485b2a37e88c) Importer(815301076,1909f56bfc062723c751e8b465ee728b)
Start importing Assets/Script/TextureOffsetY.cs using Guid(c3f872a1b0d5d064889b485b2a37e88c) Importer(815301076,1909f56bfc062723c751e8b465ee728b)  -> (artifact id: '857bd81da631778e3baca130b09226e3') in 0.000999 seconds 
========================================================================
Received Prepare
Registering precompiled user dll's ...
Registered in 0.001203 seconds.
Begin MonoManager ReloadAssembly
Thread 0x176e87000 may have been prematurely finalized
Native extension for Android target not found
Native extension for OSXStandalone target not found
Refreshing native plugins compatible for Editor in 0.31 ms, found 3 plugins.
Preloading 0 native plugins for Editor in 0.00 ms.
Mono: successfully reloaded assembly
- Completed reload, in  0.634 seconds
Domain Reload Profiling:
	ReloadAssembly (634ms)
		BeginReloadAssembly (141ms)
			ExecutionOrderSort (0ms)
			DisableScriptedObjects (12ms)
			BackupInstance (0ms)
			ReleaseScriptingObjects (0ms)
			CreateAndSetChildDomain (35ms)
		EndReloadAssembly (431ms)
			LoadAssemblies (46ms)
			RebuildTransferFunctionScriptingTraits (0ms)
			SetupTypeCache (140ms)
			ReleaseScriptCaches (1ms)
			RebuildScriptCaches (34ms)
			SetupLoadedEditorAssemblies (178ms)
				LogAssemblyErrors (0ms)
				InitializePlatformSupportModulesInManaged (13ms)
				SetLoadedEditorAssemblies (0ms)
				RefreshPlugins (0ms)
				BeforeProcessingInitializeOnLoad (31ms)
				ProcessInitializeOnLoadAttributes (112ms)
				ProcessInitializeOnLoadMethodAttributes (20ms)
				AfterProcessingInitializeOnLoad (1ms)
				EditorAssembliesLoaded (0ms)
			ExecutionOrderSort2 (0ms)
			AwakeInstancesAfterBackupRestoration (3ms)
Platform modules already initialized, skipping
Refreshing native plugins compatible for Editor in 0.68 ms, found 3 plugins.
Preloading 0 native plugins for Editor in 0.00 ms.
Unloading 2132 Unused Serialized files (Serialized files now loaded: 0)
Unloading 17 unused Assets / (22.0 KB). Loaded Objects now: 2622.
Memory consumption went from 98.8 MB to 98.8 MB.
Total: 2.271000 ms (FindLiveObjects: 0.083416 ms CreateObjectMapping: 0.029000 ms MarkObjects: 2.141042 ms  DeleteObjects: 0.016833 ms)

AssetImportParameters requested are different than current active one (requested -> active):
  custom:video-decoder-ogg-theora: a1e56fd34408186e4bbccfd4996cb3dc -> 
  custom:container-muxer-webm: aa71ff27fc2769a1b78a27578f13a17b -> 
  custom:container-demuxer-webm: 4f35f7cbe854078d1ac9338744f61a02 -> 
  custom:video-encoder-webm-vp8: eb34c28f22e8b96e1ab97ce403110664 -> 
  custom:framework-osx-AVFoundation: e770b220cccbd017edd2c1fefb359320 -> 
  custom:audio-encoder-webm-vorbis: bf7c407c2cedff20999df2af8eb42d56 -> 
  custom:container-demuxer-ogg: 62fdf1f143b41e24485cea50d1cbac27 -> 
  custom:video-decoder-webm-vp8: 9c59270c3fd7afecdb556c50c9e8de78 -> 
  custom:audio-decoder-ogg-vorbis: bf7c407c2cedff20999df2af8eb42d56 -> 
========================================================================
Received Prepare
Registering precompiled user dll's ...
Registered in 0.001434 seconds.
Begin MonoManager ReloadAssembly
Thread 0x1746ff000 may have been prematurely finalized
Native extension for Android target not found
Native extension for OSXStandalone target not found
Refreshing native plugins compatible for Editor in 0.31 ms, found 3 plugins.
Preloading 0 native plugins for Editor in 0.00 ms.
Mono: successfully reloaded assembly
- Completed reload, in  0.631 seconds
Domain Reload Profiling:
	ReloadAssembly (632ms)
		BeginReloadAssembly (128ms)
			ExecutionOrderSort (0ms)
			DisableScriptedObjects (6ms)
			BackupInstance (0ms)
			ReleaseScriptingObjects (0ms)
			CreateAndSetChildDomain (55ms)
		EndReloadAssembly (440ms)
			LoadAssemblies (51ms)
			RebuildTransferFunctionScriptingTraits (0ms)
			SetupTypeCache (146ms)
			ReleaseScriptCaches (1ms)
			RebuildScriptCaches (34ms)
			SetupLoadedEditorAssemblies (180ms)
				LogAssemblyErrors (0ms)
				InitializePlatformSupportModulesInManaged (11ms)
				SetLoadedEditorAssemblies (0ms)
				RefreshPlugins (0ms)
				BeforeProcessingInitializeOnLoad (30ms)
				ProcessInitializeOnLoadAttributes (116ms)
				ProcessInitializeOnLoadMethodAttributes (21ms)
				AfterProcessingInitializeOnLoad (1ms)
				EditorAssembliesLoaded (0ms)
			ExecutionOrderSort2 (0ms)
			AwakeInstancesAfterBackupRestoration (3ms)
Platform modules already initialized, skipping
Refreshing native plugins compatible for Editor in 0.78 ms, found 3 plugins.
Preloading 0 native plugins for Editor in 0.00 ms.
Unloading 2132 Unused Serialized files (Serialized files now loaded: 0)
Unloading 17 unused Assets / (21.9 KB). Loaded Objects now: 2625.
Memory consumption went from 98.7 MB to 98.7 MB.
Total: 2.665458 ms (FindLiveObjects: 0.101917 ms CreateObjectMapping: 0.031875 ms MarkObjects: 2.496084 ms  DeleteObjects: 0.034959 ms)

AssetImportParameters requested are different than current active one (requested -> active):
  custom:video-decoder-ogg-theora: a1e56fd34408186e4bbccfd4996cb3dc -> 
  custom:container-muxer-webm: aa71ff27fc2769a1b78a27578f13a17b -> 
  custom:container-demuxer-webm: 4f35f7cbe854078d1ac9338744f61a02 -> 
  custom:video-encoder-webm-vp8: eb34c28f22e8b96e1ab97ce403110664 -> 
  custom:framework-osx-AVFoundation: e770b220cccbd017edd2c1fefb359320 -> 
  custom:audio-encoder-webm-vorbis: bf7c407c2cedff20999df2af8eb42d56 -> 
  custom:container-demuxer-ogg: 62fdf1f143b41e24485cea50d1cbac27 -> 
  custom:video-decoder-webm-vp8: 9c59270c3fd7afecdb556c50c9e8de78 -> 
  custom:audio-decoder-ogg-vorbis: bf7c407c2cedff20999df2af8eb42d56 -> 
========================================================================
Received Prepare
Registering precompiled user dll's ...
Registered in 0.001488 seconds.
Begin MonoManager ReloadAssembly
Thread 0x1746ff000 may have been prematurely finalized
Native extension for Android target not found
Native extension for OSXStandalone target not found
Refreshing native plugins compatible for Editor in 0.40 ms, found 3 plugins.
Preloading 0 native plugins for Editor in 0.00 ms.
Mono: successfully reloaded assembly
- Completed reload, in  0.613 seconds
Domain Reload Profiling:
	ReloadAssembly (614ms)
		BeginReloadAssembly (120ms)
			ExecutionOrderSort (0ms)
			DisableScriptedObjects (8ms)
			BackupInstance (0ms)
			ReleaseScriptingObjects (0ms)
			CreateAndSetChildDomain (53ms)
		EndReloadAssembly (433ms)
			LoadAssemblies (42ms)
			RebuildTransferFunctionScriptingTraits (0ms)
			SetupTypeCache (143ms)
			ReleaseScriptCaches (1ms)
			RebuildScriptCaches (33ms)
			SetupLoadedEditorAssemblies (177ms)
				LogAssemblyErrors (0ms)
				InitializePlatformSupportModulesInManaged (11ms)
				SetLoadedEditorAssemblies (0ms)
				RefreshPlugins (0ms)
				BeforeProcessingInitializeOnLoad (31ms)
				ProcessInitializeOnLoadAttributes (113ms)
				ProcessInitializeOnLoadMethodAttributes (20ms)
				AfterProcessingInitializeOnLoad (1ms)
				EditorAssembliesLoaded (0ms)
			ExecutionOrderSort2 (0ms)
			AwakeInstancesAfterBackupRestoration (3ms)
Platform modules already initialized, skipping
Refreshing native plugins compatible for Editor in 0.75 ms, found 3 plugins.
Preloading 0 native plugins for Editor in 0.00 ms.
Unloading 2132 Unused Serialized files (Serialized files now loaded: 0)
Unloading 17 unused Assets / (22.0 KB). Loaded Objects now: 2628.
Memory consumption went from 98.7 MB to 98.7 MB.
Total: 2.892042 ms (FindLiveObjects: 0.102083 ms CreateObjectMapping: 0.028167 ms MarkObjects: 2.727792 ms  DeleteObjects: 0.033084 ms)

AssetImportParameters requested are different than current active one (requested -> active):
  custom:video-decoder-ogg-theora: a1e56fd34408186e4bbccfd4996cb3dc -> 
  custom:container-muxer-webm: aa71ff27fc2769a1b78a27578f13a17b -> 
  custom:container-demuxer-webm: 4f35f7cbe854078d1ac9338744f61a02 -> 
  custom:video-encoder-webm-vp8: eb34c28f22e8b96e1ab97ce403110664 -> 
  custom:framework-osx-AVFoundation: e770b220cccbd017edd2c1fefb359320 -> 
  custom:audio-encoder-webm-vorbis: bf7c407c2cedff20999df2af8eb42d56 -> 
  custom:container-demuxer-ogg: 62fdf1f143b41e24485cea50d1cbac27 -> 
  custom:video-decoder-webm-vp8: 9c59270c3fd7afecdb556c50c9e8de78 -> 
  custom:audio-decoder-ogg-vorbis: bf7c407c2cedff20999df2af8eb42d56 -> 
========================================================================
Received Prepare
Registering precompiled user dll's ...
Registered in 0.001091 seconds.
Begin MonoManager ReloadAssembly
Thread 0x1746ff000 may have been prematurely finalized
Native extension for Android target not found
Native extension for OSXStandalone target not found
Refreshing native plugins compatible for Editor in 0.29 ms, found 3 plugins.
Preloading 0 native plugins for Editor in 0.00 ms.
Mono: successfully reloaded assembly
- Completed reload, in  0.654 seconds
Domain Reload Profiling:
	ReloadAssembly (655ms)
		BeginReloadAssembly (164ms)
			ExecutionOrderSort (0ms)
			DisableScriptedObjects (15ms)
			BackupInstance (0ms)
			ReleaseScriptingObjects (0ms)
			CreateAndSetChildDomain (50ms)
		EndReloadAssembly (431ms)
			LoadAssemblies (72ms)
			RebuildTransferFunctionScriptingTraits (0ms)
			SetupTypeCache (144ms)
			ReleaseScriptCaches (1ms)
			RebuildScriptCaches (33ms)
			SetupLoadedEditorAssemblies (174ms)
				LogAssemblyErrors (0ms)
				InitializePlatformSupportModulesInManaged (11ms)
				SetLoadedEditorAssemblies (0ms)
				RefreshPlugins (0ms)
				BeforeProcessingInitializeOnLoad (30ms)
				ProcessInitializeOnLoadAttributes (111ms)
				ProcessInitializeOnLoadMethodAttributes (20ms)
				AfterProcessingInitializeOnLoad (1ms)
				EditorAssembliesLoaded (0ms)
			ExecutionOrderSort2 (0ms)
			AwakeInstancesAfterBackupRestoration (3ms)
Platform modules already initialized, skipping
Refreshing native plugins compatible for Editor in 0.64 ms, found 3 plugins.
Preloading 0 native plugins for Editor in 0.00 ms.
Unloading 2132 Unused Serialized files (Serialized files now loaded: 0)
Unloading 17 unused Assets / (22.0 KB). Loaded Objects now: 2631.
Memory consumption went from 98.7 MB to 98.7 MB.
Total: 2.331791 ms (FindLiveObjects: 0.087000 ms CreateObjectMapping: 0.029916 ms MarkObjects: 2.198834 ms  DeleteObjects: 0.015417 ms)

AssetImportParameters requested are different than current active one (requested -> active):
  custom:video-decoder-ogg-theora: a1e56fd34408186e4bbccfd4996cb3dc -> 
  custom:container-muxer-webm: aa71ff27fc2769a1b78a27578f13a17b -> 
  custom:container-demuxer-webm: 4f35f7cbe854078d1ac9338744f61a02 -> 
  custom:video-encoder-webm-vp8: eb34c28f22e8b96e1ab97ce403110664 -> 
  custom:framework-osx-AVFoundation: e770b220cccbd017edd2c1fefb359320 -> 
  custom:audio-encoder-webm-vorbis: bf7c407c2cedff20999df2af8eb42d56 -> 
  custom:container-demuxer-ogg: 62fdf1f143b41e24485cea50d1cbac27 -> 
  custom:video-decoder-webm-vp8: 9c59270c3fd7afecdb556c50c9e8de78 -> 
  custom:audio-decoder-ogg-vorbis: bf7c407c2cedff20999df2af8eb42d56 -> 
========================================================================
Received Import Request.
  Time since last request: 560.973802 seconds.
  path: Assets/Prefabs/BulletPrefab.prefab
  artifactKey: Guid(b4134add147e35a4496a9fdeaa450dfb) Importer(815301076,1909f56bfc062723c751e8b465ee728b)
Start importing Assets/Prefabs/BulletPrefab.prefab using Guid(b4134add147e35a4496a9fdeaa450dfb) Importer(815301076,1909f56bfc062723c751e8b465ee728b)  -> (artifact id: '2ba132eccdeea0040f2c2a346592cf61') in 0.373136 seconds 
========================================================================
Received Import Request.
  Time since last request: 0.000162 seconds.
  path: Assets/Prefabs/OctopusL.prefab
  artifactKey: Guid(5ba7d1782aa436e4e931bb6ccf970d5f) Importer(815301076,1909f56bfc062723c751e8b465ee728b)
Start importing Assets/Prefabs/OctopusL.prefab using Guid(5ba7d1782aa436e4e931bb6ccf970d5f) Importer(815301076,1909f56bfc062723c751e8b465ee728b)  -> (artifact id: '99d02e9e166e380f9151d032b5f37210') in 0.011829 seconds 
========================================================================
Received Import Request.
  Time since last request: 0.000041 seconds.
  path: Assets/Prefabs/Seaurchin.prefab
  artifactKey: Guid(2e0bb75afed83c543b507beb91140d9c) Importer(815301076,1909f56bfc062723c751e8b465ee728b)
Start importing Assets/Prefabs/Seaurchin.prefab using Guid(2e0bb75afed83c543b507beb91140d9c) Importer(815301076,1909f56bfc062723c751e8b465ee728b)  -> (artifact id: 'f3de66170bd816180008092d6306b8ca') in 0.007700 seconds 
========================================================================
Received Import Request.
  Time since last request: 0.000051 seconds.
  path: Assets/Prefabs/OctopusR.prefab
  artifactKey: Guid(e2319b170c00f6d4d83236c400c4f486) Importer(815301076,1909f56bfc062723c751e8b465ee728b)
Start importing Assets/Prefabs/OctopusR.prefab using Guid(e2319b170c00f6d4d83236c400c4f486) Importer(815301076,1909f56bfc062723c751e8b465ee728b)  -> (artifact id: '7cc83a9de4d9cd6f4c643b9a94e0b6d4') in 0.005103 seconds 
========================================================================
Received Import Request.
  Time since last request: 2.215768 seconds.
  path: Assets/Scenes/StartMenu.unity
  artifactKey: Guid(77dda06302aae4a429a2837710b70d4e) Importer(815301076,1909f56bfc062723c751e8b465ee728b)
Start importing Assets/Scenes/StartMenu.unity using Guid(77dda06302aae4a429a2837710b70d4e) Importer(815301076,1909f56bfc062723c751e8b465ee728b)  -> (artifact id: 'e719991acd961d418356a85e511b3cdd') in 0.001384 seconds 
========================================================================
Received Prepare
Registering precompiled user dll's ...
Registered in 0.001325 seconds.
Begin MonoManager ReloadAssembly
Thread 0x1746ff000 may have been prematurely finalized
Native extension for Android target not found
Native extension for OSXStandalone target not found
Refreshing native plugins compatible for Editor in 0.32 ms, found 3 plugins.
Preloading 0 native plugins for Editor in 0.00 ms.
Mono: successfully reloaded assembly
- Completed reload, in  0.569 seconds
Domain Reload Profiling:
	ReloadAssembly (570ms)
		BeginReloadAssembly (84ms)
			ExecutionOrderSort (0ms)
			DisableScriptedObjects (4ms)
			BackupInstance (0ms)
			ReleaseScriptingObjects (0ms)
			CreateAndSetChildDomain (29ms)
		EndReloadAssembly (424ms)
			LoadAssemblies (40ms)
			RebuildTransferFunctionScriptingTraits (0ms)
			SetupTypeCache (139ms)
			ReleaseScriptCaches (1ms)
			RebuildScriptCaches (33ms)
			SetupLoadedEditorAssemblies (173ms)
				LogAssemblyErrors (0ms)
				InitializePlatformSupportModulesInManaged (10ms)
				SetLoadedEditorAssemblies (0ms)
				RefreshPlugins (0ms)
				BeforeProcessingInitializeOnLoad (30ms)
				ProcessInitializeOnLoadAttributes (110ms)
				ProcessInitializeOnLoadMethodAttributes (22ms)
				AfterProcessingInitializeOnLoad (1ms)
				EditorAssembliesLoaded (0ms)
			ExecutionOrderSort2 (0ms)
			AwakeInstancesAfterBackupRestoration (3ms)
Platform modules already initialized, skipping
Refreshing native plugins compatible for Editor in 0.98 ms, found 3 plugins.
Preloading 0 native plugins for Editor in 0.00 ms.
Unloading 2132 Unused Serialized files (Serialized files now loaded: 0)
Unloading 17 unused Assets / (21.9 KB). Loaded Objects now: 2642.
Memory consumption went from 104.6 MB to 104.5 MB.
Total: 2.638250 ms (FindLiveObjects: 0.085792 ms CreateObjectMapping: 0.028791 ms MarkObjects: 2.506125 ms  DeleteObjects: 0.016917 ms)

AssetImportParameters requested are different than current active one (requested -> active):
  custom:video-decoder-ogg-theora: a1e56fd34408186e4bbccfd4996cb3dc -> 
  custom:container-muxer-webm: aa71ff27fc2769a1b78a27578f13a17b -> 
  custom:container-demuxer-webm: 4f35f7cbe854078d1ac9338744f61a02 -> 
  custom:video-encoder-webm-vp8: eb34c28f22e8b96e1ab97ce403110664 -> 
  custom:framework-osx-AVFoundation: e770b220cccbd017edd2c1fefb359320 -> 
  custom:audio-encoder-webm-vorbis: bf7c407c2cedff20999df2af8eb42d56 -> 
  custom:container-demuxer-ogg: 62fdf1f143b41e24485cea50d1cbac27 -> 
  custom:video-decoder-webm-vp8: 9c59270c3fd7afecdb556c50c9e8de78 -> 
  custom:audio-decoder-ogg-vorbis: bf7c407c2cedff20999df2af8eb42d56 -> 
========================================================================
Received Prepare
Registering precompiled user dll's ...
Registered in 0.001279 seconds.
Begin MonoManager ReloadAssembly
Thread 0x1746ff000 may have been prematurely finalized
Native extension for Android target not found
Native extension for OSXStandalone target not found
Refreshing native plugins compatible for Editor in 0.29 ms, found 3 plugins.
Preloading 0 native plugins for Editor in 0.00 ms.
Mono: successfully reloaded assembly
- Completed reload, in  0.546 seconds
Domain Reload Profiling:
	ReloadAssembly (546ms)
		BeginReloadAssembly (88ms)
			ExecutionOrderSort (0ms)
			DisableScriptedObjects (4ms)
			BackupInstance (0ms)
			ReleaseScriptingObjects (0ms)
			CreateAndSetChildDomain (24ms)
		EndReloadAssembly (405ms)
			LoadAssemblies (45ms)
			RebuildTransferFunctionScriptingTraits (0ms)
			SetupTypeCache (123ms)
			ReleaseScriptCaches (1ms)
			RebuildScriptCaches (28ms)
			SetupLoadedEditorAssemblies (180ms)
				LogAssemblyErrors (0ms)
				InitializePlatformSupportModulesInManaged (11ms)
				SetLoadedEditorAssemblies (0ms)
				RefreshPlugins (0ms)
				BeforeProcessingInitializeOnLoad (32ms)
				ProcessInitializeOnLoadAttributes (114ms)
				ProcessInitializeOnLoadMethodAttributes (21ms)
				AfterProcessingInitializeOnLoad (1ms)
				EditorAssembliesLoaded (0ms)
			ExecutionOrderSort2 (0ms)
			AwakeInstancesAfterBackupRestoration (4ms)
Platform modules already initialized, skipping
Refreshing native plugins compatible for Editor in 0.79 ms, found 3 plugins.
Preloading 0 native plugins for Editor in 0.00 ms.
Unloading 2132 Unused Serialized files (Serialized files now loaded: 0)
Unloading 17 unused Assets / (22.0 KB). Loaded Objects now: 2645.
Memory consumption went from 104.6 MB to 104.5 MB.
Total: 2.640375 ms (FindLiveObjects: 0.103208 ms CreateObjectMapping: 0.030916 ms MarkObjects: 2.465875 ms  DeleteObjects: 0.039167 ms)

AssetImportParameters requested are different than current active one (requested -> active):
  custom:video-decoder-ogg-theora: a1e56fd34408186e4bbccfd4996cb3dc -> 
  custom:container-muxer-webm: aa71ff27fc2769a1b78a27578f13a17b -> 
  custom:container-demuxer-webm: 4f35f7cbe854078d1ac9338744f61a02 -> 
  custom:video-encoder-webm-vp8: eb34c28f22e8b96e1ab97ce403110664 -> 
  custom:framework-osx-AVFoundation: e770b220cccbd017edd2c1fefb359320 -> 
  custom:audio-encoder-webm-vorbis: bf7c407c2cedff20999df2af8eb42d56 -> 
  custom:container-demuxer-ogg: 62fdf1f143b41e24485cea50d1cbac27 -> 
  custom:video-decoder-webm-vp8: 9c59270c3fd7afecdb556c50c9e8de78 -> 
  custom:audio-decoder-ogg-vorbis: bf7c407c2cedff20999df2af8eb42d56 -> 
========================================================================
Received Prepare
Registering precompiled user dll's ...
Registered in 0.001486 seconds.
Begin MonoManager ReloadAssembly
Thread 0x1746ff000 may have been prematurely finalized
Native extension for Android target not found
Native extension for OSXStandalone target not found
Refreshing native plugins compatible for Editor in 0.36 ms, found 3 plugins.
Preloading 0 native plugins for Editor in 0.00 ms.
Mono: successfully reloaded assembly
- Completed reload, in  0.544 seconds
Domain Reload Profiling:
	ReloadAssembly (544ms)
		BeginReloadAssembly (81ms)
			ExecutionOrderSort (0ms)
			DisableScriptedObjects (4ms)
			BackupInstance (0ms)
			ReleaseScriptingObjects (0ms)
			CreateAndSetChildDomain (27ms)
		EndReloadAssembly (410ms)
			LoadAssemblies (38ms)
			RebuildTransferFunctionScriptingTraits (0ms)
			SetupTypeCache (128ms)
			ReleaseScriptCaches (1ms)
			RebuildScriptCaches (32ms)
			SetupLoadedEditorAssemblies (174ms)
				LogAssemblyErrors (0ms)
				InitializePlatformSupportModulesInManaged (10ms)
				SetLoadedEditorAssemblies (0ms)
				RefreshPlugins (0ms)
				BeforeProcessingInitializeOnLoad (30ms)
				ProcessInitializeOnLoadAttributes (111ms)
				ProcessInitializeOnLoadMethodAttributes (21ms)
				AfterProcessingInitializeOnLoad (1ms)
				EditorAssembliesLoaded (0ms)
			ExecutionOrderSort2 (0ms)
			AwakeInstancesAfterBackupRestoration (3ms)
Platform modules already initialized, skipping
Refreshing native plugins compatible for Editor in 0.72 ms, found 3 plugins.
Preloading 0 native plugins for Editor in 0.00 ms.
Unloading 2132 Unused Serialized files (Serialized files now loaded: 0)
Unloading 17 unused Assets / (21.9 KB). Loaded Objects now: 2648.
Memory consumption went from 104.6 MB to 104.6 MB.
Total: 2.461792 ms (FindLiveObjects: 0.096167 ms CreateObjectMapping: 0.030541 ms MarkObjects: 2.315875 ms  DeleteObjects: 0.018333 ms)

AssetImportParameters requested are different than current active one (requested -> active):
  custom:video-decoder-ogg-theora: a1e56fd34408186e4bbccfd4996cb3dc -> 
  custom:container-muxer-webm: aa71ff27fc2769a1b78a27578f13a17b -> 
  custom:container-demuxer-webm: 4f35f7cbe854078d1ac9338744f61a02 -> 
  custom:video-encoder-webm-vp8: eb34c28f22e8b96e1ab97ce403110664 -> 
  custom:framework-osx-AVFoundation: e770b220cccbd017edd2c1fefb359320 -> 
  custom:audio-encoder-webm-vorbis: bf7c407c2cedff20999df2af8eb42d56 -> 
  custom:container-demuxer-ogg: 62fdf1f143b41e24485cea50d1cbac27 -> 
  custom:video-decoder-webm-vp8: 9c59270c3fd7afecdb556c50c9e8de78 -> 
  custom:audio-decoder-ogg-vorbis: bf7c407c2cedff20999df2af8eb42d56 -> 
========================================================================
Received Import Request.
  Time since last request: 161.258358 seconds.
  path: Assets/Scenes/GameOver.unity
  artifactKey: Guid(9d90e598f5e95e740a151ced24d27902) Importer(815301076,1909f56bfc062723c751e8b465ee728b)
Start importing Assets/Scenes/GameOver.unity using Guid(9d90e598f5e95e740a151ced24d27902) Importer(815301076,1909f56bfc062723c751e8b465ee728b)  -> (artifact id: '784576478c73e51ff887bd67b5464536') in 0.005696 seconds 
========================================================================
Received Prepare
Registering precompiled user dll's ...
Registered in 0.001804 seconds.
Begin MonoManager ReloadAssembly
Thread 0x1746ff000 may have been prematurely finalized
Native extension for Android target not found
Native extension for OSXStandalone target not found
Refreshing native plugins compatible for Editor in 0.41 ms, found 3 plugins.
Preloading 0 native plugins for Editor in 0.00 ms.
Mono: successfully reloaded assembly
- Completed reload, in  0.600 seconds
Domain Reload Profiling:
	ReloadAssembly (600ms)
		BeginReloadAssembly (108ms)
			ExecutionOrderSort (0ms)
			DisableScriptedObjects (6ms)
			BackupInstance (0ms)
			ReleaseScriptingObjects (0ms)
			CreateAndSetChildDomain (43ms)
		EndReloadAssembly (433ms)
			LoadAssemblies (44ms)
			RebuildTransferFunctionScriptingTraits (0ms)
			SetupTypeCache (140ms)
			ReleaseScriptCaches (1ms)
			RebuildScriptCaches (33ms)
			SetupLoadedEditorAssemblies (180ms)
				LogAssemblyErrors (0ms)
				InitializePlatformSupportModulesInManaged (11ms)
				SetLoadedEditorAssemblies (0ms)
				RefreshPlugins (0ms)
				BeforeProcessingInitializeOnLoad (31ms)
				ProcessInitializeOnLoadAttributes (114ms)
				ProcessInitializeOnLoadMethodAttributes (22ms)
				AfterProcessingInitializeOnLoad (1ms)
				EditorAssembliesLoaded (0ms)
			ExecutionOrderSort2 (0ms)
			AwakeInstancesAfterBackupRestoration (3ms)
Platform modules already initialized, skipping
Refreshing native plugins compatible for Editor in 0.78 ms, found 3 plugins.
Preloading 0 native plugins for Editor in 0.00 ms.
Unloading 2132 Unused Serialized files (Serialized files now loaded: 0)
Unloading 17 unused Assets / (22.0 KB). Loaded Objects now: 2651.
Memory consumption went from 104.6 MB to 104.6 MB.
Total: 3.014500 ms (FindLiveObjects: 0.118084 ms CreateObjectMapping: 0.028875 ms MarkObjects: 2.825583 ms  DeleteObjects: 0.040792 ms)

AssetImportParameters requested are different than current active one (requested -> active):
  custom:video-decoder-ogg-theora: a1e56fd34408186e4bbccfd4996cb3dc -> 
  custom:container-muxer-webm: aa71ff27fc2769a1b78a27578f13a17b -> 
  custom:container-demuxer-webm: 4f35f7cbe854078d1ac9338744f61a02 -> 
  custom:video-encoder-webm-vp8: eb34c28f22e8b96e1ab97ce403110664 -> 
  custom:framework-osx-AVFoundation: e770b220cccbd017edd2c1fefb359320 -> 
  custom:audio-encoder-webm-vorbis: bf7c407c2cedff20999df2af8eb42d56 -> 
  custom:container-demuxer-ogg: 62fdf1f143b41e24485cea50d1cbac27 -> 
  custom:video-decoder-webm-vp8: 9c59270c3fd7afecdb556c50c9e8de78 -> 
  custom:audio-decoder-ogg-vorbis: bf7c407c2cedff20999df2af8eb42d56 -> 
========================================================================
Received Prepare
Registering precompiled user dll's ...
Registered in 0.001391 seconds.
Begin MonoManager ReloadAssembly
Thread 0x1746ff000 may have been prematurely finalized
Native extension for Android target not found
Native extension for OSXStandalone target not found
Refreshing native plugins compatible for Editor in 0.36 ms, found 3 plugins.
Preloading 0 native plugins for Editor in 0.00 ms.
Mono: successfully reloaded assembly
- Completed reload, in  0.587 seconds
Domain Reload Profiling:
	ReloadAssembly (587ms)
		BeginReloadAssembly (84ms)
			ExecutionOrderSort (0ms)
			DisableScriptedObjects (4ms)
			BackupInstance (0ms)
			ReleaseScriptingObjects (0ms)
			CreateAndSetChildDomain (27ms)
		EndReloadAssembly (445ms)
			LoadAssemblies (55ms)
			RebuildTransferFunctionScriptingTraits (0ms)
			SetupTypeCache (139ms)
			ReleaseScriptCaches (1ms)
			RebuildScriptCaches (33ms)
			SetupLoadedEditorAssemblies (178ms)
				LogAssemblyErrors (0ms)
				InitializePlatformSupportModulesInManaged (10ms)
				SetLoadedEditorAssemblies (0ms)
				RefreshPlugins (0ms)
				BeforeProcessingInitializeOnLoad (31ms)
				ProcessInitializeOnLoadAttributes (114ms)
				ProcessInitializeOnLoadMethodAttributes (22ms)
				AfterProcessingInitializeOnLoad (1ms)
				EditorAssembliesLoaded (0ms)
			ExecutionOrderSort2 (0ms)
			AwakeInstancesAfterBackupRestoration (3ms)
Platform modules already initialized, skipping
Refreshing native plugins compatible for Editor in 0.67 ms, found 3 plugins.
Preloading 0 native plugins for Editor in 0.00 ms.
Unloading 2132 Unused Serialized files (Serialized files now loaded: 0)
Unloading 17 unused Assets / (22.0 KB). Loaded Objects now: 2654.
Memory consumption went from 104.6 MB to 104.6 MB.
Total: 2.255208 ms (FindLiveObjects: 0.076834 ms CreateObjectMapping: 0.028375 ms MarkObjects: 2.135416 ms  DeleteObjects: 0.013958 ms)

AssetImportParameters requested are different than current active one (requested -> active):
  custom:video-decoder-ogg-theora: a1e56fd34408186e4bbccfd4996cb3dc -> 
  custom:container-muxer-webm: aa71ff27fc2769a1b78a27578f13a17b -> 
  custom:container-demuxer-webm: 4f35f7cbe854078d1ac9338744f61a02 -> 
  custom:video-encoder-webm-vp8: eb34c28f22e8b96e1ab97ce403110664 -> 
  custom:framework-osx-AVFoundation: e770b220cccbd017edd2c1fefb359320 -> 
  custom:audio-encoder-webm-vorbis: bf7c407c2cedff20999df2af8eb42d56 -> 
  custom:container-demuxer-ogg: 62fdf1f143b41e24485cea50d1cbac27 -> 
  custom:video-decoder-webm-vp8: 9c59270c3fd7afecdb556c50c9e8de78 -> 
  custom:audio-decoder-ogg-vorbis: bf7c407c2cedff20999df2af8eb42d56 -> 
========================================================================
Received Prepare
Registering precompiled user dll's ...
Registered in 0.001260 seconds.
Begin MonoManager ReloadAssembly
Thread 0x1746ff000 may have been prematurely finalized
Native extension for Android target not found
Native extension for OSXStandalone target not found
Refreshing native plugins compatible for Editor in 0.26 ms, found 3 plugins.
Preloading 0 native plugins for Editor in 0.00 ms.
Mono: successfully reloaded assembly
- Completed reload, in  0.552 seconds
Domain Reload Profiling:
	ReloadAssembly (553ms)
		BeginReloadAssembly (81ms)
			ExecutionOrderSort (0ms)
			DisableScriptedObjects (4ms)
			BackupInstance (0ms)
			ReleaseScriptingObjects (0ms)
			CreateAndSetChildDomain (26ms)
		EndReloadAssembly (416ms)
			LoadAssemblies (39ms)
			RebuildTransferFunctionScriptingTraits (0ms)
			SetupTypeCache (132ms)
			ReleaseScriptCaches (1ms)
			RebuildScriptCaches (33ms)
			SetupLoadedEditorAssemblies (174ms)
				LogAssemblyErrors (0ms)
				InitializePlatformSupportModulesInManaged (10ms)
				SetLoadedEditorAssemblies (0ms)
				RefreshPlugins (0ms)
				BeforeProcessingInitializeOnLoad (30ms)
				ProcessInitializeOnLoadAttributes (111ms)
				ProcessInitializeOnLoadMethodAttributes (21ms)
				AfterProcessingInitializeOnLoad (1ms)
				EditorAssembliesLoaded (0ms)
			ExecutionOrderSort2 (0ms)
			AwakeInstancesAfterBackupRestoration (3ms)
Platform modules already initialized, skipping
Refreshing native plugins compatible for Editor in 0.70 ms, found 3 plugins.
Preloading 0 native plugins for Editor in 0.00 ms.
Unloading 2132 Unused Serialized files (Serialized files now loaded: 0)
Unloading 17 unused Assets / (22.0 KB). Loaded Objects now: 2657.
Memory consumption went from 104.6 MB to 104.6 MB.
Total: 2.504042 ms (FindLiveObjects: 0.110291 ms CreateObjectMapping: 0.038334 ms MarkObjects: 2.323166 ms  DeleteObjects: 0.031500 ms)

AssetImportParameters requested are different than current active one (requested -> active):
  custom:video-decoder-ogg-theora: a1e56fd34408186e4bbccfd4996cb3dc -> 
  custom:container-muxer-webm: aa71ff27fc2769a1b78a27578f13a17b -> 
  custom:container-demuxer-webm: 4f35f7cbe854078d1ac9338744f61a02 -> 
  custom:video-encoder-webm-vp8: eb34c28f22e8b96e1ab97ce403110664 -> 
  custom:framework-osx-AVFoundation: e770b220cccbd017edd2c1fefb359320 -> 
  custom:audio-encoder-webm-vorbis: bf7c407c2cedff20999df2af8eb42d56 -> 
  custom:container-demuxer-ogg: 62fdf1f143b41e24485cea50d1cbac27 -> 
  custom:video-decoder-webm-vp8: 9c59270c3fd7afecdb556c50c9e8de78 -> 
  custom:audio-decoder-ogg-vorbis: bf7c407c2cedff20999df2af8eb42d56 -> 
========================================================================
Received Prepare
Registering precompiled user dll's ...
Registered in 0.001627 seconds.
Begin MonoManager ReloadAssembly
Thread 0x1746ff000 may have been prematurely finalized
Native extension for Android target not found
Native extension for OSXStandalone target not found
Refreshing native plugins compatible for Editor in 0.27 ms, found 3 plugins.
Preloading 0 native plugins for Editor in 0.00 ms.
Mono: successfully reloaded assembly
- Completed reload, in  0.550 seconds
Domain Reload Profiling:
	ReloadAssembly (550ms)
		BeginReloadAssembly (82ms)
			ExecutionOrderSort (0ms)
			DisableScriptedObjects (4ms)
			BackupInstance (0ms)
			ReleaseScriptingObjects (0ms)
			CreateAndSetChildDomain (28ms)
		EndReloadAssembly (414ms)
			LoadAssemblies (36ms)
			RebuildTransferFunctionScriptingTraits (0ms)
			SetupTypeCache (133ms)
			ReleaseScriptCaches (1ms)
			RebuildScriptCaches (33ms)
			SetupLoadedEditorAssemblies (171ms)
				LogAssemblyErrors (0ms)
				InitializePlatformSupportModulesInManaged (10ms)
				SetLoadedEditorAssemblies (0ms)
				RefreshPlugins (0ms)
				BeforeProcessingInitializeOnLoad (30ms)
				ProcessInitializeOnLoadAttributes (108ms)
				ProcessInitializeOnLoadMethodAttributes (21ms)
				AfterProcessingInitializeOnLoad (1ms)
				EditorAssembliesLoaded (0ms)
			ExecutionOrderSort2 (0ms)
			AwakeInstancesAfterBackupRestoration (3ms)
Platform modules already initialized, skipping
Refreshing native plugins compatible for Editor in 0.75 ms, found 3 plugins.
Preloading 0 native plugins for Editor in 0.00 ms.
Unloading 2132 Unused Serialized files (Serialized files now loaded: 0)
Unloading 17 unused Assets / (22.1 KB). Loaded Objects now: 2660.
Memory consumption went from 104.7 MB to 104.7 MB.
Total: 2.631917 ms (FindLiveObjects: 0.085292 ms CreateObjectMapping: 0.031667 ms MarkObjects: 2.492500 ms  DeleteObjects: 0.021625 ms)

AssetImportParameters requested are different than current active one (requested -> active):
  custom:video-decoder-ogg-theora: a1e56fd34408186e4bbccfd4996cb3dc -> 
  custom:container-muxer-webm: aa71ff27fc2769a1b78a27578f13a17b -> 
  custom:container-demuxer-webm: 4f35f7cbe854078d1ac9338744f61a02 -> 
  custom:video-encoder-webm-vp8: eb34c28f22e8b96e1ab97ce403110664 -> 
  custom:framework-osx-AVFoundation: e770b220cccbd017edd2c1fefb359320 -> 
  custom:audio-encoder-webm-vorbis: bf7c407c2cedff20999df2af8eb42d56 -> 
  custom:container-demuxer-ogg: 62fdf1f143b41e24485cea50d1cbac27 -> 
  custom:video-decoder-webm-vp8: 9c59270c3fd7afecdb556c50c9e8de78 -> 
  custom:audio-decoder-ogg-vorbis: bf7c407c2cedff20999df2af8eb42d56 -> 
========================================================================
Received Prepare
Registering precompiled user dll's ...
Registered in 0.001412 seconds.
Begin MonoManager ReloadAssembly
Thread 0x1746ff000 may have been prematurely finalized
Native extension for Android target not found
Native extension for OSXStandalone target not found
Refreshing native plugins compatible for Editor in 0.31 ms, found 3 plugins.
Preloading 0 native plugins for Editor in 0.00 ms.
Mono: successfully reloaded assembly
- Completed reload, in  0.528 seconds
Domain Reload Profiling:
	ReloadAssembly (528ms)
		BeginReloadAssembly (79ms)
			ExecutionOrderSort (0ms)
			DisableScriptedObjects (4ms)
			BackupInstance (0ms)
			ReleaseScriptingObjects (0ms)
			CreateAndSetChildDomain (26ms)
		EndReloadAssembly (396ms)
			LoadAssemblies (36ms)
			RebuildTransferFunctionScriptingTraits (0ms)
			SetupTypeCache (124ms)
			ReleaseScriptCaches (1ms)
			RebuildScriptCaches (29ms)
			SetupLoadedEditorAssemblies (172ms)
				LogAssemblyErrors (0ms)
				InitializePlatformSupportModulesInManaged (10ms)
				SetLoadedEditorAssemblies (0ms)
				RefreshPlugins (0ms)
				BeforeProcessingInitializeOnLoad (30ms)
				ProcessInitializeOnLoadAttributes (110ms)
				ProcessInitializeOnLoadMethodAttributes (20ms)
				AfterProcessingInitializeOnLoad (1ms)
				EditorAssembliesLoaded (0ms)
			ExecutionOrderSort2 (0ms)
			AwakeInstancesAfterBackupRestoration (3ms)
Platform modules already initialized, skipping
Refreshing native plugins compatible for Editor in 0.61 ms, found 3 plugins.
Preloading 0 native plugins for Editor in 0.00 ms.
Unloading 2132 Unused Serialized files (Serialized files now loaded: 0)
Unloading 17 unused Assets / (22.1 KB). Loaded Objects now: 2663.
Memory consumption went from 104.7 MB to 104.7 MB.
Total: 2.454000 ms (FindLiveObjects: 0.125083 ms CreateObjectMapping: 0.031667 ms MarkObjects: 2.279792 ms  DeleteObjects: 0.016750 ms)

AssetImportParameters requested are different than current active one (requested -> active):
  custom:video-decoder-ogg-theora: a1e56fd34408186e4bbccfd4996cb3dc -> 
  custom:container-muxer-webm: aa71ff27fc2769a1b78a27578f13a17b -> 
  custom:container-demuxer-webm: 4f35f7cbe854078d1ac9338744f61a02 -> 
  custom:video-encoder-webm-vp8: eb34c28f22e8b96e1ab97ce403110664 -> 
  custom:framework-osx-AVFoundation: e770b220cccbd017edd2c1fefb359320 -> 
  custom:audio-encoder-webm-vorbis: bf7c407c2cedff20999df2af8eb42d56 -> 
  custom:container-demuxer-ogg: 62fdf1f143b41e24485cea50d1cbac27 -> 
  custom:video-decoder-webm-vp8: 9c59270c3fd7afecdb556c50c9e8de78 -> 
  custom:audio-decoder-ogg-vorbis: bf7c407c2cedff20999df2af8eb42d56 -> 
========================================================================
Received Import Request.
  Time since last request: 173.115262 seconds.
  path: Assets/Scenes/StartMenu.unity
  artifactKey: Guid(77dda06302aae4a429a2837710b70d4e) Importer(815301076,1909f56bfc062723c751e8b465ee728b)
Start importing Assets/Scenes/StartMenu.unity using Guid(77dda06302aae4a429a2837710b70d4e) Importer(815301076,1909f56bfc062723c751e8b465ee728b)  -> (artifact id: 'b5508107e61a85a1078ed72a2630fc60') in 0.007939 seconds 
========================================================================
Received Import Request.
  Time since last request: 10.250334 seconds.
  path: Assets/Scenes/GameOver.unity
  artifactKey: Guid(9d90e598f5e95e740a151ced24d27902) Importer(815301076,1909f56bfc062723c751e8b465ee728b)
Start importing Assets/Scenes/GameOver.unity using Guid(9d90e598f5e95e740a151ced24d27902) Importer(815301076,1909f56bfc062723c751e8b465ee728b)  -> (artifact id: '57c84b0b368cbf8f53037d8627b6b91e') in 0.003307 seconds 
========================================================================
Received Prepare
Registering precompiled user dll's ...
Registered in 0.001137 seconds.
Begin MonoManager ReloadAssembly
Thread 0x1746ff000 may have been prematurely finalized
Native extension for Android target not found
Native extension for OSXStandalone target not found
Refreshing native plugins compatible for Editor in 0.31 ms, found 3 plugins.
Preloading 0 native plugins for Editor in 0.00 ms.
Mono: successfully reloaded assembly
- Completed reload, in  0.564 seconds
Domain Reload Profiling:
	ReloadAssembly (565ms)
		BeginReloadAssembly (82ms)
			ExecutionOrderSort (0ms)
			DisableScriptedObjects (4ms)
			BackupInstance (0ms)
			ReleaseScriptingObjects (0ms)
			CreateAndSetChildDomain (27ms)
		EndReloadAssembly (425ms)
			LoadAssemblies (38ms)
			RebuildTransferFunctionScriptingTraits (0ms)
			SetupTypeCache (137ms)
			ReleaseScriptCaches (1ms)
			RebuildScriptCaches (34ms)
			SetupLoadedEditorAssemblies (176ms)
				LogAssemblyErrors (0ms)
				InitializePlatformSupportModulesInManaged (11ms)
				SetLoadedEditorAssemblies (0ms)
				RefreshPlugins (0ms)
				BeforeProcessingInitializeOnLoad (31ms)
				ProcessInitializeOnLoadAttributes (112ms)
				ProcessInitializeOnLoadMethodAttributes (21ms)
				AfterProcessingInitializeOnLoad (1ms)
				EditorAssembliesLoaded (0ms)
			ExecutionOrderSort2 (0ms)
			AwakeInstancesAfterBackupRestoration (3ms)
Platform modules already initialized, skipping
Refreshing native plugins compatible for Editor in 0.68 ms, found 3 plugins.
Preloading 0 native plugins for Editor in 0.00 ms.
Unloading 2132 Unused Serialized files (Serialized files now loaded: 0)
Unloading 17 unused Assets / (22.0 KB). Loaded Objects now: 2666.
Memory consumption went from 104.7 MB to 104.7 MB.
Total: 2.262708 ms (FindLiveObjects: 0.086209 ms CreateObjectMapping: 0.030625 ms MarkObjects: 2.129167 ms  DeleteObjects: 0.016000 ms)

AssetImportParameters requested are different than current active one (requested -> active):
  custom:video-decoder-ogg-theora: a1e56fd34408186e4bbccfd4996cb3dc -> 
  custom:container-muxer-webm: aa71ff27fc2769a1b78a27578f13a17b -> 
  custom:container-demuxer-webm: 4f35f7cbe854078d1ac9338744f61a02 -> 
  custom:video-encoder-webm-vp8: eb34c28f22e8b96e1ab97ce403110664 -> 
  custom:framework-osx-AVFoundation: e770b220cccbd017edd2c1fefb359320 -> 
  custom:audio-encoder-webm-vorbis: bf7c407c2cedff20999df2af8eb42d56 -> 
  custom:container-demuxer-ogg: 62fdf1f143b41e24485cea50d1cbac27 -> 
  custom:video-decoder-webm-vp8: 9c59270c3fd7afecdb556c50c9e8de78 -> 
  custom:audio-decoder-ogg-vorbis: bf7c407c2cedff20999df2af8eb42d56 -> 
========================================================================
Received Prepare
Registering precompiled user dll's ...
Registered in 0.001464 seconds.
Begin MonoManager ReloadAssembly
Thread 0x1746ff000 may have been prematurely finalized
Native extension for Android target not found
Native extension for OSXStandalone target not found
Refreshing native plugins compatible for Editor in 0.34 ms, found 3 plugins.
Preloading 0 native plugins for Editor in 0.00 ms.
Mono: successfully reloaded assembly
- Completed reload, in  0.559 seconds
Domain Reload Profiling:
	ReloadAssembly (560ms)
		BeginReloadAssembly (81ms)
			ExecutionOrderSort (0ms)
			DisableScriptedObjects (4ms)
			BackupInstance (0ms)
			ReleaseScriptingObjects (0ms)
			CreateAndSetChildDomain (26ms)
		EndReloadAssembly (423ms)
			LoadAssemblies (40ms)
			RebuildTransferFunctionScriptingTraits (0ms)
			SetupTypeCache (133ms)
			ReleaseScriptCaches (1ms)
			RebuildScriptCaches (33ms)
			SetupLoadedEditorAssemblies (175ms)
				LogAssemblyErrors (0ms)
				InitializePlatformSupportModulesInManaged (11ms)
				SetLoadedEditorAssemblies (0ms)
				RefreshPlugins (0ms)
				BeforeProcessingInitializeOnLoad (30ms)
				ProcessInitializeOnLoadAttributes (111ms)
				ProcessInitializeOnLoadMethodAttributes (20ms)
				AfterProcessingInitializeOnLoad (1ms)
				EditorAssembliesLoaded (0ms)
			ExecutionOrderSort2 (0ms)
			AwakeInstancesAfterBackupRestoration (3ms)
Platform modules already initialized, skipping
Refreshing native plugins compatible for Editor in 0.67 ms, found 3 plugins.
Preloading 0 native plugins for Editor in 0.00 ms.
Unloading 2132 Unused Serialized files (Serialized files now loaded: 0)
Unloading 17 unused Assets / (22.0 KB). Loaded Objects now: 2669.
Memory consumption went from 104.7 MB to 104.7 MB.
Total: 2.175500 ms (FindLiveObjects: 0.096542 ms CreateObjectMapping: 0.030208 ms MarkObjects: 2.034666 ms  DeleteObjects: 0.013458 ms)

AssetImportParameters requested are different than current active one (requested -> active):
  custom:video-decoder-ogg-theora: a1e56fd34408186e4bbccfd4996cb3dc -> 
  custom:container-muxer-webm: aa71ff27fc2769a1b78a27578f13a17b -> 
  custom:container-demuxer-webm: 4f35f7cbe854078d1ac9338744f61a02 -> 
  custom:video-encoder-webm-vp8: eb34c28f22e8b96e1ab97ce403110664 -> 
  custom:framework-osx-AVFoundation: e770b220cccbd017edd2c1fefb359320 -> 
  custom:audio-encoder-webm-vorbis: bf7c407c2cedff20999df2af8eb42d56 -> 
  custom:container-demuxer-ogg: 62fdf1f143b41e24485cea50d1cbac27 -> 
  custom:video-decoder-webm-vp8: 9c59270c3fd7afecdb556c50c9e8de78 -> 
  custom:audio-decoder-ogg-vorbis: bf7c407c2cedff20999df2af8eb42d56 -> 
========================================================================
Received Import Request.
  Time since last request: 71.375786 seconds.
  path: Assets/Scenes/StartMenu.unity
  artifactKey: Guid(77dda06302aae4a429a2837710b70d4e) Importer(815301076,1909f56bfc062723c751e8b465ee728b)
Start importing Assets/Scenes/StartMenu.unity using Guid(77dda06302aae4a429a2837710b70d4e) Importer(815301076,1909f56bfc062723c751e8b465ee728b)  -> (artifact id: 'fa3648b502822291bc37d8dd4a6acef9') in 0.006888 seconds 
========================================================================
Received Prepare
Registering precompiled user dll's ...
Registered in 0.001272 seconds.
Begin MonoManager ReloadAssembly
Thread 0x1746ff000 may have been prematurely finalized
Native extension for Android target not found
Native extension for OSXStandalone target not found
Refreshing native plugins compatible for Editor in 0.30 ms, found 3 plugins.
Preloading 0 native plugins for Editor in 0.00 ms.
Mono: successfully reloaded assembly
- Completed reload, in  0.565 seconds
Domain Reload Profiling:
	ReloadAssembly (566ms)
		BeginReloadAssembly (83ms)
			ExecutionOrderSort (0ms)
			DisableScriptedObjects (4ms)
			BackupInstance (0ms)
			ReleaseScriptingObjects (0ms)
			CreateAndSetChildDomain (26ms)
		EndReloadAssembly (425ms)
			LoadAssemblies (41ms)
			RebuildTransferFunctionScriptingTraits (0ms)
			SetupTypeCache (138ms)
			ReleaseScriptCaches (1ms)
			RebuildScriptCaches (33ms)
			SetupLoadedEditorAssemblies (175ms)
				LogAssemblyErrors (0ms)
				InitializePlatformSupportModulesInManaged (10ms)
				SetLoadedEditorAssemblies (0ms)
				RefreshPlugins (0ms)
				BeforeProcessingInitializeOnLoad (31ms)
				ProcessInitializeOnLoadAttributes (112ms)
				ProcessInitializeOnLoadMethodAttributes (21ms)
				AfterProcessingInitializeOnLoad (1ms)
				EditorAssembliesLoaded (0ms)
			ExecutionOrderSort2 (0ms)
			AwakeInstancesAfterBackupRestoration (3ms)
Platform modules already initialized, skipping
Refreshing native plugins compatible for Editor in 0.68 ms, found 3 plugins.
Preloading 0 native plugins for Editor in 0.00 ms.
Unloading 2132 Unused Serialized files (Serialized files now loaded: 0)
Unloading 17 unused Assets / (22.0 KB). Loaded Objects now: 2672.
Memory consumption went from 104.6 MB to 104.6 MB.
Total: 2.364292 ms (FindLiveObjects: 0.085666 ms CreateObjectMapping: 0.029750 ms MarkObjects: 2.232959 ms  DeleteObjects: 0.015334 ms)

AssetImportParameters requested are different than current active one (requested -> active):
  custom:video-decoder-ogg-theora: a1e56fd34408186e4bbccfd4996cb3dc -> 
  custom:container-muxer-webm: aa71ff27fc2769a1b78a27578f13a17b -> 
  custom:container-demuxer-webm: 4f35f7cbe854078d1ac9338744f61a02 -> 
  custom:video-encoder-webm-vp8: eb34c28f22e8b96e1ab97ce403110664 -> 
  custom:framework-osx-AVFoundation: e770b220cccbd017edd2c1fefb359320 -> 
  custom:audio-encoder-webm-vorbis: bf7c407c2cedff20999df2af8eb42d56 -> 
  custom:container-demuxer-ogg: 62fdf1f143b41e24485cea50d1cbac27 -> 
  custom:video-decoder-webm-vp8: 9c59270c3fd7afecdb556c50c9e8de78 -> 
  custom:audio-decoder-ogg-vorbis: bf7c407c2cedff20999df2af8eb42d56 -> 
========================================================================
Received Import Request.
  Time since last request: 330.014273 seconds.
  path: Assets/Scenes/GameOver.unity
  artifactKey: Guid(9d90e598f5e95e740a151ced24d27902) Importer(815301076,1909f56bfc062723c751e8b465ee728b)
Start importing Assets/Scenes/GameOver.unity using Guid(9d90e598f5e95e740a151ced24d27902) Importer(815301076,1909f56bfc062723c751e8b465ee728b)  -> (artifact id: 'f22bb8f0472ed2e456e9c2bfa7011d6d') in 0.036425 seconds 
========================================================================
Received Import Request.
  Time since last request: 17.190977 seconds.
  path: Assets/GUI/end-try1.png
  artifactKey: Guid(7d2fd283fe5cf064688b04ed70efe1eb) Importer(815301076,1909f56bfc062723c751e8b465ee728b)
Start importing Assets/GUI/end-try1.png using Guid(7d2fd283fe5cf064688b04ed70efe1eb) Importer(815301076,1909f56bfc062723c751e8b465ee728b)  -> (artifact id: '5174aca73a2b5e9fcfac640f8c80e655') in 0.396367 seconds 
========================================================================
Received Import Request.
  Time since last request: 24.190646 seconds.
  path: Assets/GUI/gui-frame.png
  artifactKey: Guid(f78dd038c46fa824692215e2a8ce40ea) Importer(815301076,1909f56bfc062723c751e8b465ee728b)
Start importing Assets/GUI/gui-frame.png using Guid(f78dd038c46fa824692215e2a8ce40ea) Importer(815301076,1909f56bfc062723c751e8b465ee728b)  -> (artifact id: '8a525d94c600f18af6206cd72975be25') in 0.015549 seconds 
========================================================================
Received Import Request.
  Time since last request: 1.250739 seconds.
  path: Assets/GUI/tell-bg.jpg
  artifactKey: Guid(5f1f7832244133f4da0e9d321e1be2c4) Importer(815301076,1909f56bfc062723c751e8b465ee728b)
Start importing Assets/GUI/tell-bg.jpg using Guid(5f1f7832244133f4da0e9d321e1be2c4) Importer(815301076,1909f56bfc062723c751e8b465ee728b)  -> (artifact id: '6621f0ec29a062a5b44c03bc27531c3a') in 0.506963 seconds 
========================================================================
Received Prepare
Registering precompiled user dll's ...
Registered in 0.001089 seconds.
Begin MonoManager ReloadAssembly
Thread 0x1746ff000 may have been prematurely finalized
Native extension for Android target not found
Native extension for OSXStandalone target not found
Refreshing native plugins compatible for Editor in 0.36 ms, found 3 plugins.
Preloading 0 native plugins for Editor in 0.00 ms.
Mono: successfully reloaded assembly
- Completed reload, in  0.587 seconds
Domain Reload Profiling:
	ReloadAssembly (588ms)
		BeginReloadAssembly (101ms)
			ExecutionOrderSort (0ms)
			DisableScriptedObjects (6ms)
			BackupInstance (0ms)
			ReleaseScriptingObjects (0ms)
			CreateAndSetChildDomain (36ms)
		EndReloadAssembly (428ms)
			LoadAssemblies (46ms)
			RebuildTransferFunctionScriptingTraits (0ms)
			SetupTypeCache (142ms)
			ReleaseScriptCaches (1ms)
			RebuildScriptCaches (34ms)
			SetupLoadedEditorAssemblies (174ms)
				LogAssemblyErrors (0ms)
				InitializePlatformSupportModulesInManaged (11ms)
				SetLoadedEditorAssemblies (0ms)
				RefreshPlugins (0ms)
				BeforeProcessingInitializeOnLoad (30ms)
				ProcessInitializeOnLoadAttributes (110ms)
				ProcessInitializeOnLoadMethodAttributes (22ms)
				AfterProcessingInitializeOnLoad (1ms)
				EditorAssembliesLoaded (0ms)
			ExecutionOrderSort2 (0ms)
			AwakeInstancesAfterBackupRestoration (3ms)
Platform modules already initialized, skipping
Refreshing native plugins compatible for Editor in 0.76 ms, found 3 plugins.
Preloading 0 native plugins for Editor in 0.00 ms.
Unloading 2132 Unused Serialized files (Serialized files now loaded: 0)
Unloading 17 unused Assets / (22.0 KB). Loaded Objects now: 2685.
Memory consumption went from 113.0 MB to 113.0 MB.
Total: 2.860333 ms (FindLiveObjects: 0.166708 ms CreateObjectMapping: 0.050584 ms MarkObjects: 2.625083 ms  DeleteObjects: 0.016708 ms)

AssetImportParameters requested are different than current active one (requested -> active):
  custom:video-decoder-ogg-theora: a1e56fd34408186e4bbccfd4996cb3dc -> 
  custom:container-muxer-webm: aa71ff27fc2769a1b78a27578f13a17b -> 
  custom:container-demuxer-webm: 4f35f7cbe854078d1ac9338744f61a02 -> 
  custom:video-encoder-webm-vp8: eb34c28f22e8b96e1ab97ce403110664 -> 
  custom:framework-osx-AVFoundation: e770b220cccbd017edd2c1fefb359320 -> 
  custom:audio-encoder-webm-vorbis: bf7c407c2cedff20999df2af8eb42d56 -> 
  custom:container-demuxer-ogg: 62fdf1f143b41e24485cea50d1cbac27 -> 
  custom:video-decoder-webm-vp8: 9c59270c3fd7afecdb556c50c9e8de78 -> 
  custom:audio-decoder-ogg-vorbis: bf7c407c2cedff20999df2af8eb42d56 -> 
========================================================================
Received Import Request.
  Time since last request: 217.608792 seconds.
  path: Assets/GUI/op-tell1.png
  artifactKey: Guid(6b28292238bd19e47938e7dd34e99416) Importer(815301076,1909f56bfc062723c751e8b465ee728b)
Start importing Assets/GUI/op-tell1.png using Guid(6b28292238bd19e47938e7dd34e99416) Importer(815301076,1909f56bfc062723c751e8b465ee728b)  -> (artifact id: 'a99fb97fa999f233f412aacb1d3fa8ba') in 0.084614 seconds 
========================================================================
Received Prepare
Registering precompiled user dll's ...
Registered in 0.001170 seconds.
Begin MonoManager ReloadAssembly
Thread 0x1746a7000 may have been prematurely finalized
Native extension for Android target not found
Native extension for OSXStandalone target not found
Refreshing native plugins compatible for Editor in 0.39 ms, found 3 plugins.
Preloading 0 native plugins for Editor in 0.00 ms.
Mono: successfully reloaded assembly
- Completed reload, in  0.606 seconds
Domain Reload Profiling:
	ReloadAssembly (607ms)
		BeginReloadAssembly (102ms)
			ExecutionOrderSort (0ms)
			DisableScriptedObjects (5ms)
			BackupInstance (0ms)
			ReleaseScriptingObjects (1ms)
			CreateAndSetChildDomain (36ms)
		EndReloadAssembly (444ms)
			LoadAssemblies (46ms)
			RebuildTransferFunctionScriptingTraits (0ms)
			SetupTypeCache (143ms)
			ReleaseScriptCaches (1ms)
			RebuildScriptCaches (39ms)
			SetupLoadedEditorAssemblies (179ms)
				LogAssemblyErrors (0ms)
				InitializePlatformSupportModulesInManaged (11ms)
				SetLoadedEditorAssemblies (0ms)
				RefreshPlugins (0ms)
				BeforeProcessingInitializeOnLoad (30ms)
				ProcessInitializeOnLoadAttributes (114ms)
				ProcessInitializeOnLoadMethodAttributes (22ms)
				AfterProcessingInitializeOnLoad (1ms)
				EditorAssembliesLoaded (0ms)
			ExecutionOrderSort2 (0ms)
			AwakeInstancesAfterBackupRestoration (3ms)
Platform modules already initialized, skipping
Refreshing native plugins compatible for Editor in 0.85 ms, found 3 plugins.
Preloading 0 native plugins for Editor in 0.00 ms.
Unloading 2132 Unused Serialized files (Serialized files now loaded: 0)
Unloading 17 unused Assets / (22.1 KB). Loaded Objects now: 2691.
Memory consumption went from 113.0 MB to 113.0 MB.
Total: 2.628167 ms (FindLiveObjects: 0.094667 ms CreateObjectMapping: 0.032417 ms MarkObjects: 2.462917 ms  DeleteObjects: 0.037375 ms)

AssetImportParameters requested are different than current active one (requested -> active):
  custom:video-decoder-ogg-theora: a1e56fd34408186e4bbccfd4996cb3dc -> 
  custom:container-muxer-webm: aa71ff27fc2769a1b78a27578f13a17b -> 
  custom:container-demuxer-webm: 4f35f7cbe854078d1ac9338744f61a02 -> 
  custom:video-encoder-webm-vp8: eb34c28f22e8b96e1ab97ce403110664 -> 
  custom:framework-osx-AVFoundation: e770b220cccbd017edd2c1fefb359320 -> 
  custom:audio-encoder-webm-vorbis: bf7c407c2cedff20999df2af8eb42d56 -> 
  custom:container-demuxer-ogg: 62fdf1f143b41e24485cea50d1cbac27 -> 
  custom:video-decoder-webm-vp8: 9c59270c3fd7afecdb556c50c9e8de78 -> 
  custom:audio-decoder-ogg-vorbis: bf7c407c2cedff20999df2af8eb42d56 -> 
========================================================================
Received Import Request.
  Time since last request: 241.063098 seconds.
  path: ProjectSettings/TagManager.asset
  artifactKey: Guid(00000000000000003000000000000000) Importer(815301076,1909f56bfc062723c751e8b465ee728b)
Start importing ProjectSettings/TagManager.asset using Guid(00000000000000003000000000000000) Importer(815301076,1909f56bfc062723c751e8b465ee728b)  -> (artifact id: '2b198f9a26e72937cf1ca6aa81a28388') in 0.066495 seconds 
========================================================================
Received Prepare
Registering precompiled user dll's ...
Registered in 0.001207 seconds.
Begin MonoManager ReloadAssembly
Thread 0x1746a7000 may have been prematurely finalized
Native extension for Android target not found
Native extension for OSXStandalone target not found
Refreshing native plugins compatible for Editor in 0.31 ms, found 3 plugins.
Preloading 0 native plugins for Editor in 0.00 ms.
Mono: successfully reloaded assembly
- Completed reload, in  0.597 seconds
Domain Reload Profiling:
	ReloadAssembly (598ms)
		BeginReloadAssembly (103ms)
			ExecutionOrderSort (0ms)
			DisableScriptedObjects (5ms)
			BackupInstance (0ms)
			ReleaseScriptingObjects (0ms)
			CreateAndSetChildDomain (33ms)
		EndReloadAssembly (436ms)
			LoadAssemblies (52ms)
			RebuildTransferFunctionScriptingTraits (0ms)
			SetupTypeCache (144ms)
			ReleaseScriptCaches (1ms)
			RebuildScriptCaches (34ms)
			SetupLoadedEditorAssemblies (178ms)
				LogAssemblyErrors (0ms)
				InitializePlatformSupportModulesInManaged (11ms)
				SetLoadedEditorAssemblies (0ms)
				RefreshPlugins (0ms)
				BeforeProcessingInitializeOnLoad (31ms)
				ProcessInitializeOnLoadAttributes (114ms)
				ProcessInitializeOnLoadMethodAttributes (21ms)
				AfterProcessingInitializeOnLoad (1ms)
				EditorAssembliesLoaded (0ms)
			ExecutionOrderSort2 (0ms)
			AwakeInstancesAfterBackupRestoration (3ms)
Platform modules already initialized, skipping
Refreshing native plugins compatible for Editor in 0.68 ms, found 3 plugins.
Preloading 0 native plugins for Editor in 0.00 ms.
Unloading 2132 Unused Serialized files (Serialized files now loaded: 0)
Unloading 18 unused Assets / (22.0 KB). Loaded Objects now: 2694.
Memory consumption went from 117.2 MB to 117.2 MB.
Total: 2.538333 ms (FindLiveObjects: 0.106917 ms CreateObjectMapping: 0.050000 ms MarkObjects: 2.364333 ms  DeleteObjects: 0.016500 ms)

AssetImportParameters requested are different than current active one (requested -> active):
  custom:video-decoder-ogg-theora: a1e56fd34408186e4bbccfd4996cb3dc -> 
  custom:container-muxer-webm: aa71ff27fc2769a1b78a27578f13a17b -> 
  custom:container-demuxer-webm: 4f35f7cbe854078d1ac9338744f61a02 -> 
  custom:video-encoder-webm-vp8: eb34c28f22e8b96e1ab97ce403110664 -> 
  custom:framework-osx-AVFoundation: e770b220cccbd017edd2c1fefb359320 -> 
  custom:audio-encoder-webm-vorbis: bf7c407c2cedff20999df2af8eb42d56 -> 
  custom:container-demuxer-ogg: 62fdf1f143b41e24485cea50d1cbac27 -> 
  custom:video-decoder-webm-vp8: 9c59270c3fd7afecdb556c50c9e8de78 -> 
  custom:audio-decoder-ogg-vorbis: bf7c407c2cedff20999df2af8eb42d56 -> 
========================================================================
Received Prepare
Registering precompiled user dll's ...
Registered in 0.001157 seconds.
Begin MonoManager ReloadAssembly
Thread 0x1746a7000 may have been prematurely finalized
Native extension for Android target not found
Native extension for OSXStandalone target not found
Refreshing native plugins compatible for Editor in 0.28 ms, found 3 plugins.
Preloading 0 native plugins for Editor in 0.00 ms.
Mono: successfully reloaded assembly
- Completed reload, in  0.571 seconds
Domain Reload Profiling:
	ReloadAssembly (572ms)
		BeginReloadAssembly (81ms)
			ExecutionOrderSort (0ms)
			DisableScriptedObjects (4ms)
			BackupInstance (0ms)
			ReleaseScriptingObjects (0ms)
			CreateAndSetChildDomain (26ms)
		EndReloadAssembly (431ms)
			LoadAssemblies (40ms)
			RebuildTransferFunctionScriptingTraits (0ms)
			SetupTypeCache (140ms)
			ReleaseScriptCaches (1ms)
			RebuildScriptCaches (34ms)
			SetupLoadedEditorAssemblies (176ms)
				LogAssemblyErrors (0ms)
				InitializePlatformSupportModulesInManaged (11ms)
				SetLoadedEditorAssemblies (0ms)
				RefreshPlugins (0ms)
				BeforeProcessingInitializeOnLoad (31ms)
				ProcessInitializeOnLoadAttributes (111ms)
				ProcessInitializeOnLoadMethodAttributes (21ms)
				AfterProcessingInitializeOnLoad (1ms)
				EditorAssembliesLoaded (0ms)
			ExecutionOrderSort2 (0ms)
			AwakeInstancesAfterBackupRestoration (3ms)
Platform modules already initialized, skipping
Refreshing native plugins compatible for Editor in 0.94 ms, found 3 plugins.
Preloading 0 native plugins for Editor in 0.00 ms.
Unloading 2132 Unused Serialized files (Serialized files now loaded: 0)
Unloading 17 unused Assets / (22.0 KB). Loaded Objects now: 2697.
Memory consumption went from 117.2 MB to 117.2 MB.
Total: 2.496209 ms (FindLiveObjects: 0.108042 ms CreateObjectMapping: 0.031791 ms MarkObjects: 2.337709 ms  DeleteObjects: 0.017750 ms)

AssetImportParameters requested are different than current active one (requested -> active):
  custom:video-decoder-ogg-theora: a1e56fd34408186e4bbccfd4996cb3dc -> 
  custom:container-muxer-webm: aa71ff27fc2769a1b78a27578f13a17b -> 
  custom:container-demuxer-webm: 4f35f7cbe854078d1ac9338744f61a02 -> 
  custom:video-encoder-webm-vp8: eb34c28f22e8b96e1ab97ce403110664 -> 
  custom:framework-osx-AVFoundation: e770b220cccbd017edd2c1fefb359320 -> 
  custom:audio-encoder-webm-vorbis: bf7c407c2cedff20999df2af8eb42d56 -> 
  custom:container-demuxer-ogg: 62fdf1f143b41e24485cea50d1cbac27 -> 
  custom:video-decoder-webm-vp8: 9c59270c3fd7afecdb556c50c9e8de78 -> 
  custom:audio-decoder-ogg-vorbis: bf7c407c2cedff20999df2af8eb42d56 -> 
========================================================================
Received Import Request.
  Time since last request: 467.679113 seconds.
  path: Assets/GUI/tall-back1.png
  artifactKey: Guid(dbee44eee286d55419a35649d4c85333) Importer(815301076,1909f56bfc062723c751e8b465ee728b)
Start importing Assets/GUI/tall-back1.png using Guid(dbee44eee286d55419a35649d4c85333) Importer(815301076,1909f56bfc062723c751e8b465ee728b)  -> (artifact id: '847390c70fe9a736383a353a85c875d1') in 0.040344 seconds 
========================================================================
Received Prepare
Registering precompiled user dll's ...
Registered in 0.001140 seconds.
Begin MonoManager ReloadAssembly
Thread 0x1746a7000 may have been prematurely finalized
Native extension for Android target not found
Native extension for OSXStandalone target not found
Refreshing native plugins compatible for Editor in 0.30 ms, found 3 plugins.
Preloading 0 native plugins for Editor in 0.00 ms.
Mono: successfully reloaded assembly
- Completed reload, in  0.597 seconds
Domain Reload Profiling:
	ReloadAssembly (598ms)
		BeginReloadAssembly (103ms)
			ExecutionOrderSort (0ms)
			DisableScriptedObjects (8ms)
			BackupInstance (0ms)
			ReleaseScriptingObjects (0ms)
			CreateAndSetChildDomain (38ms)
		EndReloadAssembly (435ms)
			LoadAssemblies (43ms)
			RebuildTransferFunctionScriptingTraits (0ms)
			SetupTypeCache (144ms)
			ReleaseScriptCaches (1ms)
			RebuildScriptCaches (35ms)
			SetupLoadedEditorAssemblies (177ms)
				LogAssemblyErrors (0ms)
				InitializePlatformSupportModulesInManaged (11ms)
				SetLoadedEditorAssemblies (0ms)
				RefreshPlugins (0ms)
				BeforeProcessingInitializeOnLoad (29ms)
				ProcessInitializeOnLoadAttributes (114ms)
				ProcessInitializeOnLoadMethodAttributes (21ms)
				AfterProcessingInitializeOnLoad (1ms)
				EditorAssembliesLoaded (0ms)
			ExecutionOrderSort2 (0ms)
			AwakeInstancesAfterBackupRestoration (3ms)
Platform modules already initialized, skipping
Refreshing native plugins compatible for Editor in 0.67 ms, found 3 plugins.
Preloading 0 native plugins for Editor in 0.00 ms.
Unloading 2132 Unused Serialized files (Serialized files now loaded: 0)
Unloading 17 unused Assets / (22.0 KB). Loaded Objects now: 2703.
Memory consumption went from 117.1 MB to 117.1 MB.
Total: 2.296958 ms (FindLiveObjects: 0.079834 ms CreateObjectMapping: 0.029292 ms MarkObjects: 2.172333 ms  DeleteObjects: 0.014875 ms)

AssetImportParameters requested are different than current active one (requested -> active):
  custom:video-decoder-ogg-theora: a1e56fd34408186e4bbccfd4996cb3dc -> 
  custom:container-muxer-webm: aa71ff27fc2769a1b78a27578f13a17b -> 
  custom:container-demuxer-webm: 4f35f7cbe854078d1ac9338744f61a02 -> 
  custom:video-encoder-webm-vp8: eb34c28f22e8b96e1ab97ce403110664 -> 
  custom:framework-osx-AVFoundation: e770b220cccbd017edd2c1fefb359320 -> 
  custom:audio-encoder-webm-vorbis: bf7c407c2cedff20999df2af8eb42d56 -> 
  custom:container-demuxer-ogg: 62fdf1f143b41e24485cea50d1cbac27 -> 
  custom:video-decoder-webm-vp8: 9c59270c3fd7afecdb556c50c9e8de78 -> 
  custom:audio-decoder-ogg-vorbis: bf7c407c2cedff20999df2af8eb42d56 -> 
========================================================================
Received Prepare
Registering precompiled user dll's ...
Registered in 0.001106 seconds.
Begin MonoManager ReloadAssembly
Thread 0x1746a7000 may have been prematurely finalized
Native extension for Android target not found
Native extension for OSXStandalone target not found
Refreshing native plugins compatible for Editor in 0.32 ms, found 3 plugins.
Preloading 0 native plugins for Editor in 0.00 ms.
Mono: successfully reloaded assembly
- Completed reload, in  0.587 seconds
Domain Reload Profiling:
	ReloadAssembly (587ms)
		BeginReloadAssembly (93ms)
			ExecutionOrderSort (0ms)
			DisableScriptedObjects (5ms)
			BackupInstance (0ms)
			ReleaseScriptingObjects (0ms)
			CreateAndSetChildDomain (32ms)
		EndReloadAssembly (435ms)
			LoadAssemblies (43ms)
			RebuildTransferFunctionScriptingTraits (0ms)
			SetupTypeCache (141ms)
			ReleaseScriptCaches (1ms)
			RebuildScriptCaches (35ms)
			SetupLoadedEditorAssemblies (178ms)
				LogAssemblyErrors (0ms)
				InitializePlatformSupportModulesInManaged (11ms)
				SetLoadedEditorAssemblies (0ms)
				RefreshPlugins (0ms)
				BeforeProcessingInitializeOnLoad (31ms)
				ProcessInitializeOnLoadAttributes (113ms)
				ProcessInitializeOnLoadMethodAttributes (21ms)
				AfterProcessingInitializeOnLoad (1ms)
				EditorAssembliesLoaded (0ms)
			ExecutionOrderSort2 (0ms)
			AwakeInstancesAfterBackupRestoration (3ms)
Platform modules already initialized, skipping
Refreshing native plugins compatible for Editor in 0.72 ms, found 3 plugins.
Preloading 0 native plugins for Editor in 0.00 ms.
Unloading 2132 Unused Serialized files (Serialized files now loaded: 0)
Unloading 17 unused Assets / (22.0 KB). Loaded Objects now: 2706.
Memory consumption went from 117.2 MB to 117.2 MB.
Total: 2.617167 ms (FindLiveObjects: 0.105333 ms CreateObjectMapping: 0.031084 ms MarkObjects: 2.452666 ms  DeleteObjects: 0.027208 ms)

AssetImportParameters requested are different than current active one (requested -> active):
  custom:video-decoder-ogg-theora: a1e56fd34408186e4bbccfd4996cb3dc -> 
  custom:container-muxer-webm: aa71ff27fc2769a1b78a27578f13a17b -> 
  custom:container-demuxer-webm: 4f35f7cbe854078d1ac9338744f61a02 -> 
  custom:video-encoder-webm-vp8: eb34c28f22e8b96e1ab97ce403110664 -> 
  custom:framework-osx-AVFoundation: e770b220cccbd017edd2c1fefb359320 -> 
  custom:audio-encoder-webm-vorbis: bf7c407c2cedff20999df2af8eb42d56 -> 
  custom:container-demuxer-ogg: 62fdf1f143b41e24485cea50d1cbac27 -> 
  custom:video-decoder-webm-vp8: 9c59270c3fd7afecdb556c50c9e8de78 -> 
  custom:audio-decoder-ogg-vorbis: bf7c407c2cedff20999df2af8eb42d56 -> 
========================================================================
Received Prepare
Registering precompiled user dll's ...
Registered in 0.001366 seconds.
Begin MonoManager ReloadAssembly
Thread 0x1746a7000 may have been prematurely finalized
Native extension for Android target not found
Native extension for OSXStandalone target not found
Refreshing native plugins compatible for Editor in 0.33 ms, found 3 plugins.
Preloading 0 native plugins for Editor in 0.00 ms.
Mono: successfully reloaded assembly
- Completed reload, in  0.575 seconds
Domain Reload Profiling:
	ReloadAssembly (576ms)
		BeginReloadAssembly (82ms)
			ExecutionOrderSort (0ms)
			DisableScriptedObjects (4ms)
			BackupInstance (0ms)
			ReleaseScriptingObjects (0ms)
			CreateAndSetChildDomain (28ms)
		EndReloadAssembly (435ms)
			LoadAssemblies (42ms)
			RebuildTransferFunctionScriptingTraits (0ms)
			SetupTypeCache (142ms)
			ReleaseScriptCaches (1ms)
			RebuildScriptCaches (34ms)
			SetupLoadedEditorAssemblies (176ms)
				LogAssemblyErrors (0ms)
				InitializePlatformSupportModulesInManaged (10ms)
				SetLoadedEditorAssemblies (0ms)
				RefreshPlugins (0ms)
				BeforeProcessingInitializeOnLoad (30ms)
				ProcessInitializeOnLoadAttributes (112ms)
				ProcessInitializeOnLoadMethodAttributes (21ms)
				AfterProcessingInitializeOnLoad (1ms)
				EditorAssembliesLoaded (0ms)
			ExecutionOrderSort2 (0ms)
			AwakeInstancesAfterBackupRestoration (3ms)
Platform modules already initialized, skipping
Refreshing native plugins compatible for Editor in 0.68 ms, found 3 plugins.
Preloading 0 native plugins for Editor in 0.00 ms.
Unloading 2132 Unused Serialized files (Serialized files now loaded: 0)
Unloading 17 unused Assets / (22.0 KB). Loaded Objects now: 2709.
Memory consumption went from 117.2 MB to 117.2 MB.
Total: 2.267250 ms (FindLiveObjects: 0.089750 ms CreateObjectMapping: 0.029125 ms MarkObjects: 2.133916 ms  DeleteObjects: 0.013750 ms)

AssetImportParameters requested are different than current active one (requested -> active):
  custom:video-decoder-ogg-theora: a1e56fd34408186e4bbccfd4996cb3dc -> 
  custom:container-muxer-webm: aa71ff27fc2769a1b78a27578f13a17b -> 
  custom:container-demuxer-webm: 4f35f7cbe854078d1ac9338744f61a02 -> 
  custom:video-encoder-webm-vp8: eb34c28f22e8b96e1ab97ce403110664 -> 
  custom:framework-osx-AVFoundation: e770b220cccbd017edd2c1fefb359320 -> 
  custom:audio-encoder-webm-vorbis: bf7c407c2cedff20999df2af8eb42d56 -> 
  custom:container-demuxer-ogg: 62fdf1f143b41e24485cea50d1cbac27 -> 
  custom:video-decoder-webm-vp8: 9c59270c3fd7afecdb556c50c9e8de78 -> 
  custom:audio-decoder-ogg-vorbis: bf7c407c2cedff20999df2af8eb42d56 -> 
========================================================================
Received Prepare
Registering precompiled user dll's ...
Registered in 0.001189 seconds.
Begin MonoManager ReloadAssembly
Thread 0x1746a7000 may have been prematurely finalized
Native extension for Android target not found
Native extension for OSXStandalone target not found
Refreshing native plugins compatible for Editor in 0.30 ms, found 3 plugins.
Preloading 0 native plugins for Editor in 0.00 ms.
Mono: successfully reloaded assembly
- Completed reload, in  0.567 seconds
Domain Reload Profiling:
	ReloadAssembly (567ms)
		BeginReloadAssembly (87ms)
			ExecutionOrderSort (0ms)
			DisableScriptedObjects (4ms)
			BackupInstance (0ms)
			ReleaseScriptingObjects (0ms)
			CreateAndSetChildDomain (28ms)
		EndReloadAssembly (421ms)
			LoadAssemblies (42ms)
			RebuildTransferFunctionScriptingTraits (0ms)
			SetupTypeCache (140ms)
			ReleaseScriptCaches (1ms)
			RebuildScriptCaches (35ms)
			SetupLoadedEditorAssemblies (168ms)
				LogAssemblyErrors (0ms)
				InitializePlatformSupportModulesInManaged (10ms)
				SetLoadedEditorAssemblies (0ms)
				RefreshPlugins (0ms)
				BeforeProcessingInitializeOnLoad (31ms)
				ProcessInitializeOnLoadAttributes (107ms)
				ProcessInitializeOnLoadMethodAttributes (18ms)
				AfterProcessingInitializeOnLoad (1ms)
				EditorAssembliesLoaded (0ms)
			ExecutionOrderSort2 (0ms)
			AwakeInstancesAfterBackupRestoration (3ms)
Platform modules already initialized, skipping
Refreshing native plugins compatible for Editor in 0.71 ms, found 3 plugins.
Preloading 0 native plugins for Editor in 0.00 ms.
Unloading 2132 Unused Serialized files (Serialized files now loaded: 0)
Unloading 17 unused Assets / (22.0 KB). Loaded Objects now: 2712.
Memory consumption went from 117.2 MB to 117.2 MB.
Total: 2.284375 ms (FindLiveObjects: 0.091334 ms CreateObjectMapping: 0.028750 ms MarkObjects: 2.146042 ms  DeleteObjects: 0.017542 ms)

AssetImportParameters requested are different than current active one (requested -> active):
  custom:video-decoder-ogg-theora: a1e56fd34408186e4bbccfd4996cb3dc -> 
  custom:container-muxer-webm: aa71ff27fc2769a1b78a27578f13a17b -> 
  custom:container-demuxer-webm: 4f35f7cbe854078d1ac9338744f61a02 -> 
  custom:video-encoder-webm-vp8: eb34c28f22e8b96e1ab97ce403110664 -> 
  custom:framework-osx-AVFoundation: e770b220cccbd017edd2c1fefb359320 -> 
  custom:audio-encoder-webm-vorbis: bf7c407c2cedff20999df2af8eb42d56 -> 
  custom:container-demuxer-ogg: 62fdf1f143b41e24485cea50d1cbac27 -> 
  custom:video-decoder-webm-vp8: 9c59270c3fd7afecdb556c50c9e8de78 -> 
  custom:audio-decoder-ogg-vorbis: bf7c407c2cedff20999df2af8eb42d56 -> 
========================================================================
Received Import Request.
  Time since last request: 288.053247 seconds.
  path: Assets/Scenes/GameOver.unity
  artifactKey: Guid(9d90e598f5e95e740a151ced24d27902) Importer(815301076,1909f56bfc062723c751e8b465ee728b)
Start importing Assets/Scenes/GameOver.unity using Guid(9d90e598f5e95e740a151ced24d27902) Importer(815301076,1909f56bfc062723c751e8b465ee728b)  -> (artifact id: '975b700e16ce1584bf621cdfa0735238') in 0.004266 seconds 
========================================================================
Received Import Request.
  Time since last request: 78.146226 seconds.
  path: Assets/Textures/Seal0.png
  artifactKey: Guid(8d24ac34a0f0aaa42b92aa28278e6318) Importer(815301076,1909f56bfc062723c751e8b465ee728b)
Start importing Assets/Textures/Seal0.png using Guid(8d24ac34a0f0aaa42b92aa28278e6318) Importer(815301076,1909f56bfc062723c751e8b465ee728b)  -> (artifact id: '9bc682b26cd551260c2b7d3bb1012069') in 0.061181 seconds 
========================================================================
Received Prepare
Refreshing native plugins compatible for Editor in 3.67 ms, found 3 plugins.
Preloading 0 native plugins for Editor in 0.00 ms.
Unloading 17 Unused Serialized files (Serialized files now loaded: 0)
Unloading 17 unused Assets / (22.0 KB). Loaded Objects now: 2714.
Memory consumption went from 74.8 MB to 74.8 MB.
Total: 8.152333 ms (FindLiveObjects: 0.373750 ms CreateObjectMapping: 0.030750 ms MarkObjects: 7.726875 ms  DeleteObjects: 0.020708 ms)

AssetImportParameters requested are different than current active one (requested -> active):
  custom:video-decoder-ogg-theora: a1e56fd34408186e4bbccfd4996cb3dc -> 
  custom:container-muxer-webm: aa71ff27fc2769a1b78a27578f13a17b -> 
  custom:container-demuxer-webm: 4f35f7cbe854078d1ac9338744f61a02 -> 
  custom:video-encoder-webm-vp8: eb34c28f22e8b96e1ab97ce403110664 -> 
  custom:framework-osx-AVFoundation: e770b220cccbd017edd2c1fefb359320 -> 
  custom:audio-encoder-webm-vorbis: bf7c407c2cedff20999df2af8eb42d56 -> 
  custom:container-demuxer-ogg: 62fdf1f143b41e24485cea50d1cbac27 -> 
  custom:video-decoder-webm-vp8: 9c59270c3fd7afecdb556c50c9e8de78 -> 
  custom:audio-decoder-ogg-vorbis: bf7c407c2cedff20999df2af8eb42d56 -> 
========================================================================
Received Prepare
Registering precompiled user dll's ...
Registered in 0.001232 seconds.
Begin MonoManager ReloadAssembly
Thread 0x1746a7000 may have been prematurely finalized
Native extension for Android target not found
Native extension for OSXStandalone target not found
Refreshing native plugins compatible for Editor in 0.27 ms, found 3 plugins.
Preloading 0 native plugins for Editor in 0.00 ms.
Mono: successfully reloaded assembly
- Completed reload, in  0.598 seconds
Domain Reload Profiling:
	ReloadAssembly (599ms)
		BeginReloadAssembly (117ms)
			ExecutionOrderSort (0ms)
			DisableScriptedObjects (9ms)
			BackupInstance (0ms)
			ReleaseScriptingObjects (0ms)
			CreateAndSetChildDomain (39ms)
		EndReloadAssembly (428ms)
			LoadAssemblies (53ms)
			RebuildTransferFunctionScriptingTraits (0ms)
			SetupTypeCache (144ms)
			ReleaseScriptCaches (1ms)
			RebuildScriptCaches (33ms)
			SetupLoadedEditorAssemblies (175ms)
				LogAssemblyErrors (0ms)
				InitializePlatformSupportModulesInManaged (10ms)
				SetLoadedEditorAssemblies (0ms)
				RefreshPlugins (0ms)
				BeforeProcessingInitializeOnLoad (29ms)
				ProcessInitializeOnLoadAttributes (112ms)
				ProcessInitializeOnLoadMethodAttributes (21ms)
				AfterProcessingInitializeOnLoad (1ms)
				EditorAssembliesLoaded (0ms)
			ExecutionOrderSort2 (0ms)
			AwakeInstancesAfterBackupRestoration (3ms)
Platform modules already initialized, skipping
Refreshing native plugins compatible for Editor in 0.82 ms, found 3 plugins.
Preloading 0 native plugins for Editor in 0.00 ms.
Unloading 2132 Unused Serialized files (Serialized files now loaded: 0)
Unloading 17 unused Assets / (22.0 KB). Loaded Objects now: 2716.
Memory consumption went from 117.3 MB to 117.3 MB.
Total: 2.563000 ms (FindLiveObjects: 0.109459 ms CreateObjectMapping: 0.032833 ms MarkObjects: 2.403625 ms  DeleteObjects: 0.016542 ms)

AssetImportParameters requested are different than current active one (requested -> active):
  custom:video-decoder-ogg-theora: a1e56fd34408186e4bbccfd4996cb3dc -> 
  custom:container-muxer-webm: aa71ff27fc2769a1b78a27578f13a17b -> 
  custom:container-demuxer-webm: 4f35f7cbe854078d1ac9338744f61a02 -> 
  custom:video-encoder-webm-vp8: eb34c28f22e8b96e1ab97ce403110664 -> 
  custom:framework-osx-AVFoundation: e770b220cccbd017edd2c1fefb359320 -> 
  custom:audio-encoder-webm-vorbis: bf7c407c2cedff20999df2af8eb42d56 -> 
  custom:container-demuxer-ogg: 62fdf1f143b41e24485cea50d1cbac27 -> 
  custom:video-decoder-webm-vp8: 9c59270c3fd7afecdb556c50c9e8de78 -> 
  custom:audio-decoder-ogg-vorbis: bf7c407c2cedff20999df2af8eb42d56 -> 
========================================================================
Received Prepare
Registering precompiled user dll's ...
Registered in 0.001592 seconds.
Begin MonoManager ReloadAssembly
Thread 0x1746a7000 may have been prematurely finalized
Native extension for Android target not found
Native extension for OSXStandalone target not found
Refreshing native plugins compatible for Editor in 0.25 ms, found 3 plugins.
Preloading 0 native plugins for Editor in 0.00 ms.
Mono: successfully reloaded assembly
- Completed reload, in  0.568 seconds
Domain Reload Profiling:
	ReloadAssembly (569ms)
		BeginReloadAssembly (97ms)
			ExecutionOrderSort (0ms)
			DisableScriptedObjects (5ms)
			BackupInstance (0ms)
			ReleaseScriptingObjects (0ms)
			CreateAndSetChildDomain (35ms)
		EndReloadAssembly (419ms)
			LoadAssemblies (42ms)
			RebuildTransferFunctionScriptingTraits (0ms)
			SetupTypeCache (136ms)
			ReleaseScriptCaches (1ms)
			RebuildScriptCaches (33ms)
			SetupLoadedEditorAssemblies (173ms)
				LogAssemblyErrors (0ms)
				InitializePlatformSupportModulesInManaged (11ms)
				SetLoadedEditorAssemblies (0ms)
				RefreshPlugins (0ms)
				BeforeProcessingInitializeOnLoad (30ms)
				ProcessInitializeOnLoadAttributes (111ms)
				ProcessInitializeOnLoadMethodAttributes (20ms)
				AfterProcessingInitializeOnLoad (1ms)
				EditorAssembliesLoaded (0ms)
			ExecutionOrderSort2 (0ms)
			AwakeInstancesAfterBackupRestoration (3ms)
Platform modules already initialized, skipping
Refreshing native plugins compatible for Editor in 0.75 ms, found 3 plugins.
Preloading 0 native plugins for Editor in 0.00 ms.
Unloading 2132 Unused Serialized files (Serialized files now loaded: 0)
Unloading 17 unused Assets / (22.0 KB). Loaded Objects now: 2719.
Memory consumption went from 117.2 MB to 117.2 MB.
Total: 2.413917 ms (FindLiveObjects: 0.111292 ms CreateObjectMapping: 0.030291 ms MarkObjects: 2.253417 ms  DeleteObjects: 0.018292 ms)

AssetImportParameters requested are different than current active one (requested -> active):
  custom:video-decoder-ogg-theora: a1e56fd34408186e4bbccfd4996cb3dc -> 
  custom:container-muxer-webm: aa71ff27fc2769a1b78a27578f13a17b -> 
  custom:container-demuxer-webm: 4f35f7cbe854078d1ac9338744f61a02 -> 
  custom:video-encoder-webm-vp8: eb34c28f22e8b96e1ab97ce403110664 -> 
  custom:framework-osx-AVFoundation: e770b220cccbd017edd2c1fefb359320 -> 
  custom:audio-encoder-webm-vorbis: bf7c407c2cedff20999df2af8eb42d56 -> 
  custom:container-demuxer-ogg: 62fdf1f143b41e24485cea50d1cbac27 -> 
  custom:video-decoder-webm-vp8: 9c59270c3fd7afecdb556c50c9e8de78 -> 
  custom:audio-decoder-ogg-vorbis: bf7c407c2cedff20999df2af8eb42d56 -> 
========================================================================
Received Import Request.
  Time since last request: 235.002138 seconds.
  path: Assets/Scenes/Level01.unity
  artifactKey: Guid(28e2f56e2c144234c8730688ea12304a) Importer(815301076,1909f56bfc062723c751e8b465ee728b)
Start importing Assets/Scenes/Level01.unity using Guid(28e2f56e2c144234c8730688ea12304a) Importer(815301076,1909f56bfc062723c751e8b465ee728b)  -> (artifact id: '831520dfdeda53a41231611e62145ce8') in 0.005227 seconds 
========================================================================
Received Prepare
Refreshing native plugins compatible for Editor in 1.33 ms, found 3 plugins.
Preloading 0 native plugins for Editor in 0.00 ms.
Unloading 17 Unused Serialized files (Serialized files now loaded: 0)
Unloading 17 unused Assets / (22.0 KB). Loaded Objects now: 2719.
Memory consumption went from 74.7 MB to 74.7 MB.
Total: 3.294000 ms (FindLiveObjects: 0.106292 ms CreateObjectMapping: 0.030458 ms MarkObjects: 3.143042 ms  DeleteObjects: 0.013541 ms)

AssetImportParameters requested are different than current active one (requested -> active):
  custom:video-decoder-ogg-theora: a1e56fd34408186e4bbccfd4996cb3dc -> 
  custom:container-muxer-webm: aa71ff27fc2769a1b78a27578f13a17b -> 
  custom:container-demuxer-webm: 4f35f7cbe854078d1ac9338744f61a02 -> 
  custom:video-encoder-webm-vp8: eb34c28f22e8b96e1ab97ce403110664 -> 
  custom:framework-osx-AVFoundation: e770b220cccbd017edd2c1fefb359320 -> 
  custom:audio-encoder-webm-vorbis: bf7c407c2cedff20999df2af8eb42d56 -> 
  custom:container-demuxer-ogg: 62fdf1f143b41e24485cea50d1cbac27 -> 
  custom:video-decoder-webm-vp8: 9c59270c3fd7afecdb556c50c9e8de78 -> 
  custom:audio-decoder-ogg-vorbis: bf7c407c2cedff20999df2af8eb42d56 -> 
========================================================================
Received Import Request.
  Time since last request: 69.847869 seconds.
  path: Assets/Scenes/Level01.unity
  artifactKey: Guid(28e2f56e2c144234c8730688ea12304a) Importer(815301076,1909f56bfc062723c751e8b465ee728b)
Start importing Assets/Scenes/Level01.unity using Guid(28e2f56e2c144234c8730688ea12304a) Importer(815301076,1909f56bfc062723c751e8b465ee728b)  -> (artifact id: '128d86e4f3f51555e0f61d4ae95e4307') in 0.002973 seconds 
========================================================================
Received Import Request.
  Time since last request: 1.641018 seconds.
  path: Assets/Scenes/StartMenu.unity
  artifactKey: Guid(77dda06302aae4a429a2837710b70d4e) Importer(815301076,1909f56bfc062723c751e8b465ee728b)
Start importing Assets/Scenes/StartMenu.unity using Guid(77dda06302aae4a429a2837710b70d4e) Importer(815301076,1909f56bfc062723c751e8b465ee728b)  -> (artifact id: '729e7e38e8acd13dc259f581f226dc2d') in 0.001178 seconds 
========================================================================
Received Prepare
Registering precompiled user dll's ...
Registered in 0.001234 seconds.
Begin MonoManager ReloadAssembly
Thread 0x1746a7000 may have been prematurely finalized
Native extension for Android target not found
Native extension for OSXStandalone target not found
Refreshing native plugins compatible for Editor in 0.37 ms, found 3 plugins.
Preloading 0 native plugins for Editor in 0.00 ms.
Mono: successfully reloaded assembly
- Completed reload, in  0.650 seconds
Domain Reload Profiling:
	ReloadAssembly (651ms)
		BeginReloadAssembly (121ms)
			ExecutionOrderSort (0ms)
			DisableScriptedObjects (7ms)
			BackupInstance (0ms)
			ReleaseScriptingObjects (0ms)
			CreateAndSetChildDomain (39ms)
		EndReloadAssembly (464ms)
			LoadAssemblies (44ms)
			RebuildTransferFunctionScriptingTraits (0ms)
			SetupTypeCache (151ms)
			ReleaseScriptCaches (1ms)
			RebuildScriptCaches (36ms)
			SetupLoadedEditorAssemblies (191ms)
				LogAssemblyErrors (0ms)
				InitializePlatformSupportModulesInManaged (11ms)
				SetLoadedEditorAssemblies (0ms)
				RefreshPlugins (0ms)
				BeforeProcessingInitializeOnLoad (30ms)
				ProcessInitializeOnLoadAttributes (127ms)
				ProcessInitializeOnLoadMethodAttributes (22ms)
				AfterProcessingInitializeOnLoad (1ms)
				EditorAssembliesLoaded (0ms)
			ExecutionOrderSort2 (0ms)
			AwakeInstancesAfterBackupRestoration (3ms)
Platform modules already initialized, skipping
Refreshing native plugins compatible for Editor in 0.94 ms, found 3 plugins.
Preloading 0 native plugins for Editor in 0.00 ms.
Unloading 2132 Unused Serialized files (Serialized files now loaded: 0)
Unloading 17 unused Assets / (22.0 KB). Loaded Objects now: 2722.
Memory consumption went from 117.2 MB to 117.2 MB.
Total: 2.645958 ms (FindLiveObjects: 0.133750 ms CreateObjectMapping: 0.040750 ms MarkObjects: 2.446917 ms  DeleteObjects: 0.023833 ms)

AssetImportParameters requested are different than current active one (requested -> active):
  custom:video-decoder-ogg-theora: a1e56fd34408186e4bbccfd4996cb3dc -> 
  custom:container-muxer-webm: aa71ff27fc2769a1b78a27578f13a17b -> 
  custom:container-demuxer-webm: 4f35f7cbe854078d1ac9338744f61a02 -> 
  custom:video-encoder-webm-vp8: eb34c28f22e8b96e1ab97ce403110664 -> 
  custom:framework-osx-AVFoundation: e770b220cccbd017edd2c1fefb359320 -> 
  custom:audio-encoder-webm-vorbis: bf7c407c2cedff20999df2af8eb42d56 -> 
  custom:container-demuxer-ogg: 62fdf1f143b41e24485cea50d1cbac27 -> 
  custom:video-decoder-webm-vp8: 9c59270c3fd7afecdb556c50c9e8de78 -> 
  custom:audio-decoder-ogg-vorbis: bf7c407c2cedff20999df2af8eb42d56 -> 
========================================================================
Received Prepare
Registering precompiled user dll's ...
Registered in 0.001216 seconds.
Begin MonoManager ReloadAssembly
Thread 0x1746a7000 may have been prematurely finalized
Native extension for Android target not found
Native extension for OSXStandalone target not found
Refreshing native plugins compatible for Editor in 0.44 ms, found 3 plugins.
Preloading 0 native plugins for Editor in 0.00 ms.
Mono: successfully reloaded assembly
- Completed reload, in  0.591 seconds
Domain Reload Profiling:
	ReloadAssembly (592ms)
		BeginReloadAssembly (93ms)
			ExecutionOrderSort (0ms)
			DisableScriptedObjects (8ms)
			BackupInstance (0ms)
			ReleaseScriptingObjects (0ms)
			CreateAndSetChildDomain (31ms)
		EndReloadAssembly (443ms)
			LoadAssemblies (38ms)
			RebuildTransferFunctionScriptingTraits (0ms)
			SetupTypeCache (148ms)
			ReleaseScriptCaches (1ms)
			RebuildScriptCaches (35ms)
			SetupLoadedEditorAssemblies (180ms)
				LogAssemblyErrors (0ms)
				InitializePlatformSupportModulesInManaged (11ms)
				SetLoadedEditorAssemblies (0ms)
				RefreshPlugins (0ms)
				BeforeProcessingInitializeOnLoad (31ms)
				ProcessInitializeOnLoadAttributes (114ms)
				ProcessInitializeOnLoadMethodAttributes (22ms)
				AfterProcessingInitializeOnLoad (1ms)
				EditorAssembliesLoaded (0ms)
			ExecutionOrderSort2 (0ms)
			AwakeInstancesAfterBackupRestoration (3ms)
Platform modules already initialized, skipping
Refreshing native plugins compatible for Editor in 1.33 ms, found 3 plugins.
Preloading 0 native plugins for Editor in 0.00 ms.
Unloading 2132 Unused Serialized files (Serialized files now loaded: 0)
Unloading 17 unused Assets / (22.0 KB). Loaded Objects now: 2725.
Memory consumption went from 117.2 MB to 117.2 MB.
Total: 2.886916 ms (FindLiveObjects: 0.169583 ms CreateObjectMapping: 0.061166 ms MarkObjects: 2.618792 ms  DeleteObjects: 0.035916 ms)

AssetImportParameters requested are different than current active one (requested -> active):
  custom:video-decoder-ogg-theora: a1e56fd34408186e4bbccfd4996cb3dc -> 
  custom:container-muxer-webm: aa71ff27fc2769a1b78a27578f13a17b -> 
  custom:container-demuxer-webm: 4f35f7cbe854078d1ac9338744f61a02 -> 
  custom:video-encoder-webm-vp8: eb34c28f22e8b96e1ab97ce403110664 -> 
  custom:framework-osx-AVFoundation: e770b220cccbd017edd2c1fefb359320 -> 
  custom:audio-encoder-webm-vorbis: bf7c407c2cedff20999df2af8eb42d56 -> 
  custom:container-demuxer-ogg: 62fdf1f143b41e24485cea50d1cbac27 -> 
  custom:video-decoder-webm-vp8: 9c59270c3fd7afecdb556c50c9e8de78 -> 
  custom:audio-decoder-ogg-vorbis: bf7c407c2cedff20999df2af8eb42d56 -> 
========================================================================
Received Import Request.
  Time since last request: 383.839601 seconds.
  path: Assets/Scenes/StartMenu.unity
  artifactKey: Guid(77dda06302aae4a429a2837710b70d4e) Importer(815301076,1909f56bfc062723c751e8b465ee728b)
Start importing Assets/Scenes/StartMenu.unity using Guid(77dda06302aae4a429a2837710b70d4e) Importer(815301076,1909f56bfc062723c751e8b465ee728b)  -> (artifact id: '58d12f7323520782091e349e0dbf0e86') in 0.017673 seconds 
========================================================================
Received Prepare
Refreshing native plugins compatible for Editor in 1.54 ms, found 3 plugins.
Preloading 0 native plugins for Editor in 0.00 ms.
Unloading 17 Unused Serialized files (Serialized files now loaded: 0)
Unloading 17 unused Assets / (21.9 KB). Loaded Objects now: 2725.
Memory consumption went from 74.7 MB to 74.7 MB.
Total: 7.219542 ms (FindLiveObjects: 0.361083 ms CreateObjectMapping: 0.031709 ms MarkObjects: 6.801458 ms  DeleteObjects: 0.024875 ms)

AssetImportParameters requested are different than current active one (requested -> active):
  custom:video-decoder-ogg-theora: a1e56fd34408186e4bbccfd4996cb3dc -> 
  custom:container-muxer-webm: aa71ff27fc2769a1b78a27578f13a17b -> 
  custom:container-demuxer-webm: 4f35f7cbe854078d1ac9338744f61a02 -> 
  custom:video-encoder-webm-vp8: eb34c28f22e8b96e1ab97ce403110664 -> 
  custom:framework-osx-AVFoundation: e770b220cccbd017edd2c1fefb359320 -> 
  custom:audio-encoder-webm-vorbis: bf7c407c2cedff20999df2af8eb42d56 -> 
  custom:container-demuxer-ogg: 62fdf1f143b41e24485cea50d1cbac27 -> 
  custom:video-decoder-webm-vp8: 9c59270c3fd7afecdb556c50c9e8de78 -> 
  custom:audio-decoder-ogg-vorbis: bf7c407c2cedff20999df2af8eb42d56 -> 
